date,MKT_SPY,MKT_VIX,MKT_TLT,MKT_TIP,MKT_LQD,MKT_HYG,MKT_GLD,MAC_CPI,MAC_UNRATE,MAC_FEDFUNDS,MAC_DFF,MAC_T10Y2Y,MAC_GS10,MAC_GS2,MAC_INDPRO,MAC_USREC,MAC_T10YIE,MAC_HY_OAS
1990-01-31,,23.34727278622714,,,,,,127.5,5.4,8.23,8.26,0.15,8.21,8.09,61.729,0.0,,
1990-02-28,,23.262631767674495,,,,,,128.0,5.3,8.24,8.29,0.08,8.47,8.37,62.2896,0.0,,
1990-03-31,,20.06227259202437,,,,,,128.6,5.2,8.28,8.3,0.01,8.59,8.63,62.5999,0.0,,
1990-04-30,,21.40349998474121,,,,,,128.9,5.4,8.26,8.23,0.08,8.79,8.72,62.4359,0.0,,
1990-05-31,,18.09772725538774,,,,,,129.1,5.4,8.18,8.23,0.1,8.76,8.64,62.6258,0.0,,
1990-06-30,,16.822380837940035,,,,,,129.9,5.2,8.29,8.32,0.19,8.48,8.35,62.8382,0.0,,
1990-07-31,,18.39285727909633,,,,,,130.5,5.5,8.15,8.05,0.45,8.47,8.16,62.7284,0.0,,
1990-08-31,,28.175217255302098,,,,,,131.6,5.7,8.13,8.06,0.79,8.75,8.06,62.9475,1.0,,
1990-09-30,,29.10736836885151,,,,,,132.5,5.9,8.2,8.03,0.8,8.89,8.08,62.9523,1.0,,
1990-10-31,,29.625652479088824,,,,,,133.4,5.9,8.11,9.52,0.88,8.72,7.88,62.5845,1.0,,
1990-11-30,,24.885714394705637,,,,,,133.7,6.2,7.81,7.61,0.73,8.39,7.6,61.7887,1.0,,
1990-12-31,,23.363000106811523,,,,,,134.2,6.3,7.31,5.53,0.93,8.08,7.31,61.3352,1.0,,
1991-01-31,,27.429091106761586,,,,,,134.7,6.4,6.91,8.18,0.98,8.09,7.13,61.1355,1.0,,
1991-02-28,,21.598421096801758,,,,,,134.8,6.6,6.25,6.99,0.98,7.85,6.87,60.6838,1.0,,
1991-03-31,,17.918499851226805,,,,,,134.8,6.8,6.12,5.53,1.03,8.11,7.1,60.3346,1.0,,
1991-04-30,,17.37272735075517,,,,,,135.1,6.7,5.91,5.98,1.22,8.04,6.95,60.4938,0.0,,
1991-05-31,,16.932272737676445,,,,,,135.6,6.9,5.78,5.92,1.38,8.07,6.78,61.0633,0.0,,
1991-06-30,,17.13499994277954,,,,,,136.0,6.9,5.9,6.74,1.34,8.28,6.96,61.5581,0.0,,
1991-07-31,,17.294090964577414,,,,,,136.2,6.8,5.82,5.85,1.39,8.27,6.92,61.7305,0.0,,
1991-08-31,,15.681363712657582,,,,,,136.6,6.9,5.66,5.5,1.46,7.9,6.43,61.7298,0.0,,
1991-09-30,,16.956499767303466,,,,,,137.0,6.9,5.45,5.6,1.48,7.65,6.18,62.2195,0.0,,
1991-10-31,,16.36391299703847,,,,,,137.2,7.0,5.21,5.23,1.77,7.53,5.91,62.1855,0.0,,
1991-11-30,,17.77350010871887,,,,,,137.8,7.0,4.81,4.86,2.0,7.42,5.56,62.0871,0.0,,
1991-12-31,,18.347619102114724,,,,,,138.2,7.3,4.43,4.09,1.94,7.09,5.03,61.7852,0.0,,
1992-01-31,,17.68318167599765,,,,,,138.3,7.3,4.03,4.4,2.2,7.03,4.96,61.4616,0.0,,
1992-02-29,,17.47736850537752,,,,,,138.6,7.4,4.06,4.13,2.0,7.34,5.21,61.8955,0.0,,
1992-03-31,,17.520454623482443,,,,,,139.1,7.4,3.98,4.07,1.94,7.54,5.69,62.4232,0.0,,
1992-04-30,,16.562856946672714,,,,,,139.4,7.4,3.73,3.85,2.15,7.48,5.34,62.897,0.0,,
1992-05-31,,15.076999950408936,,,,,,139.7,7.6,3.82,3.8,2.14,7.39,5.23,63.104,0.0,,
1992-06-30,,15.203181873668324,,,,,,140.1,7.8,3.76,4.53,2.31,7.26,5.05,63.1363,0.0,,
1992-07-31,,13.601818214763295,,,,,,140.5,7.7,3.25,3.37,2.3,6.84,4.36,63.7176,0.0,,
1992-08-31,,14.42190474555606,,,,,,140.8,7.6,3.3,3.51,2.47,6.59,4.19,63.3613,0.0,,
1992-09-30,,13.696666581290108,,,,,,141.1,7.6,3.22,4.47,2.57,6.42,3.89,63.5703,0.0,,
1992-10-31,,17.636818278919566,,,,,,141.7,7.3,3.1,3.04,2.4,6.59,4.08,63.9995,0.0,,
1992-11-30,,14.424499940872192,,,,,,142.1,7.4,3.09,3.45,2.16,6.87,4.58,64.2422,0.0,,
1992-12-31,,12.19136363809759,,,,,,142.3,7.4,2.92,2.66,2.14,6.77,4.67,64.3507,0.0,,
1993-01-31,24.24140739440918,12.408999967575074,,,,,,142.8,7.3,3.02,3.02,2.19,6.6,4.39,64.5978,0.0,,
1993-02-28,24.50003242492676,13.721578949376157,,,,,,143.1,7.1,3.03,3.18,2.11,6.26,4.1,64.9089,0.0,,
1993-03-31,25.048803329467773,13.606086855349334,,,,,,143.3,7.0,3.07,3.83,2.07,5.98,3.95,64.8522,0.0,,
1993-04-30,24.407865524291992,12.840952419099354,,,,,,143.8,7.1,2.96,3.01,2.22,5.97,3.84,65.0301,0.0,,
1993-05-31,25.06612777709961,13.6060001373291,,,,,,144.2,7.1,3.0,3.02,1.92,6.04,3.98,64.784,0.0,,
1993-06-30,25.15654754638672,12.52409081025557,,,,,,144.3,7.0,3.04,3.92,1.77,5.96,4.16,64.9301,0.0,,
1993-07-31,25.034446716308597,11.500476201375326,,,,,,144.5,6.9,3.06,3.07,1.7,5.81,4.07,65.1052,0.0,,
1993-08-31,25.993932723999023,11.928636420856822,,,,,,144.8,6.8,3.03,3.19,1.57,5.68,4.0,65.0267,0.0,,
1993-09-30,25.804805755615234,12.931428409758068,,,,,,145.0,6.7,3.09,3.99,1.51,5.36,3.85,65.3717,0.0,,
1993-10-31,26.31388664245605,11.875238100687662,,,,,,145.6,6.8,2.99,3.03,1.44,5.33,3.87,65.8509,0.0,,
1993-11-30,26.033021926879883,14.083809534708658,,,,,,146.0,6.6,3.02,3.16,1.61,5.72,4.16,66.1518,0.0,,
1993-12-31,26.352632522583008,11.356363556601785,,,,,,146.3,6.5,2.96,2.85,1.58,5.77,4.21,66.5436,0.0,,
1994-01-31,27.27169418334961,11.290476163228353,,,,,,146.3,6.6,3.05,3.68,1.58,5.75,4.14,66.7351,0.0,,
1994-02-28,26.476362228393555,13.644210464075991,,,,,,146.7,6.6,3.25,3.49,1.48,5.97,4.47,66.774,0.0,,
1994-03-31,25.366945266723636,15.223478317260742,,,,,,147.1,6.5,3.34,4.18,1.56,6.48,5.0,67.4552,0.0,,
1994-04-30,25.651382446289062,16.471052671733656,,,,,,147.2,6.4,3.56,3.73,1.33,6.97,5.55,67.8541,0.0,,
1994-05-31,26.06023597717285,13.897142818995885,,,,,,147.5,6.1,4.01,4.6,1.16,7.18,5.97,68.1663,0.0,,
1994-06-30,25.463098526000977,13.408636353232644,,,,,,147.9,6.1,4.25,5.96,1.15,7.1,5.93,68.6265,0.0,,
1994-07-31,26.286191940307617,12.48449993133545,,,,,,148.4,6.1,4.26,4.29,1.13,7.3,6.13,68.7178,0.0,,
1994-08-31,27.288265228271484,11.889130467953889,,,,,,149.0,6.0,4.47,4.7,1.02,7.24,6.18,69.1785,0.0,,
1994-09-30,26.59911727905273,13.23333336058117,,,,,,149.3,5.9,4.73,5.44,1.0,7.46,6.39,69.3961,0.0,,
1994-10-31,27.355226516723636,15.245238031659808,,,,,,149.4,5.8,4.76,4.9,0.97,7.74,6.73,69.9544,0.0,,
1994-11-30,26.26605033874512,16.38380949837821,,,,,,149.8,5.6,5.29,5.66,0.51,7.96,7.15,70.4326,0.0,,
1994-12-31,26.45733642578125,14.177142824445452,,,,,,150.1,5.5,5.45,4.94,0.15,7.81,7.59,71.1523,0.0,,
1995-01-31,27.34650993347168,12.274285679771786,,,,,,150.5,5.6,5.53,5.86,0.34,7.78,7.51,71.2734,0.0,,
1995-02-28,28.462507247924805,11.470000016061883,,,,,,150.9,5.4,5.92,6.1,0.43,7.47,7.11,71.193,0.0,,
1995-03-31,29.25512313842773,12.166521735813307,,,,,,151.2,5.4,5.98,6.3,0.4,7.2,6.78,71.3113,0.0,,
1995-04-30,30.121746063232425,12.442631570916427,,,,,,151.8,5.8,6.05,6.06,0.47,7.06,6.57,71.1882,0.0,,
1995-05-31,31.31674194335937,12.265909194946289,,,,,,152.1,5.6,6.01,6.17,0.41,6.63,6.17,71.5378,0.0,,
1995-06-30,31.950271606445312,11.89681811766191,,,,,,152.4,5.6,6.0,6.11,0.42,6.17,5.72,71.7749,0.0,,
1995-07-31,32.97796630859375,12.514000129699706,,,,,,152.6,5.7,5.85,5.97,0.57,6.28,5.78,71.4748,0.0,,
1995-08-31,33.12476348876953,12.79826085463814,,,,,,152.9,5.7,5.74,5.93,0.43,6.49,5.98,72.4223,0.0,,
1995-09-30,34.52848815917969,12.057000017166137,,,,,,153.1,5.6,5.8,6.2,0.34,6.2,5.81,72.7144,0.0,,
1995-10-31,34.42702865600586,14.357272711667148,,,,,,153.5,5.5,5.76,5.97,0.42,6.04,5.7,72.5866,0.0,,
1995-11-30,35.95833969116211,12.469047546386719,,,,,,153.7,5.6,5.8,6.11,0.4,5.93,5.48,72.7779,0.0,,
1995-12-31,36.52407455444336,11.74849991798401,,,,,,153.9,5.6,5.6,4.73,0.4,5.71,5.32,73.0305,0.0,,
1996-01-31,37.82352828979492,13.473636237057773,,,,,,154.7,5.6,5.56,5.71,0.67,5.65,5.11,72.6125,0.0,,
1996-02-29,37.944183349609375,15.032999801635743,,,,,,155.0,5.5,5.22,6.05,0.69,5.81,5.03,73.6752,0.0,,
1996-03-31,38.5975227355957,17.762380781627837,,,,,,155.5,5.5,5.31,5.25,0.55,6.27,5.66,73.585,0.0,,
1996-04-30,39.01704025268555,16.575238000778924,,,,,,156.1,5.6,5.22,5.5,0.63,6.51,5.96,74.3172,0.0,,
1996-05-31,39.90274810791016,16.14636369185014,,,,,,156.4,5.6,5.24,5.31,0.58,6.74,6.1,74.8726,0.0,,
1996-06-30,40.2547721862793,16.395000171661376,,,,,,156.7,5.3,5.27,5.0,0.62,6.91,6.3,75.4433,0.0,,
1996-07-31,38.44588851928711,17.97863635149869,,,,,,157.0,5.5,5.4,6.75,0.58,6.87,6.27,75.4549,0.0,,
1996-08-31,39.186302185058594,15.760454698042436,,,,,,157.2,5.1,5.22,5.28,0.62,6.64,6.03,75.8411,0.0,,
1996-09-30,41.375755310058594,16.578000020980834,,,,,,157.7,5.2,5.3,6.09,0.62,6.83,6.23,76.3158,0.0,,
1996-10-31,42.71348571777344,16.381739201753035,,,,,,158.2,5.2,5.24,5.63,0.6,6.53,5.91,76.3384,0.0,,
1996-11-30,45.83173751831055,15.996999740600586,,,,,,158.7,5.4,5.31,5.44,0.47,6.2,5.7,77.0397,0.0,,
1996-12-31,44.74105072021485,19.260952449980238,,,,,,159.1,5.4,5.29,6.26,0.55,6.3,5.78,77.5333,0.0,,3.13
1997-01-31,47.50542068481445,19.473181551153008,,,,,,159.4,5.3,5.25,5.37,0.59,6.58,6.01,77.6562,0.0,,3.04
1997-02-28,47.95983505249024,20.139473563746403,,,,,,159.7,5.2,5.19,5.5,0.47,6.42,5.9,78.5833,0.0,,2.73
1997-03-31,45.843711853027344,20.169999980926512,,,,,,159.8,5.2,5.39,7.07,0.47,6.69,6.22,79.082,0.0,,2.84
1997-04-30,48.71366500854492,19.662272626703437,,,,,,159.9,5.1,5.51,5.82,0.43,6.89,6.45,79.1747,0.0,,2.94
1997-05-31,51.79273986816406,19.9247620900472,,,,,,159.9,4.9,5.5,5.58,0.45,6.71,6.28,79.6133,0.0,,2.68
1997-06-30,53.92154693603516,20.194285983131046,,,,,,160.2,5.0,5.56,6.87,0.43,6.49,6.09,79.9792,0.0,,2.67
1997-07-31,58.19558334350586,20.529090881347656,,,,,,160.4,4.9,5.52,5.96,0.28,6.22,5.89,80.6624,0.0,,2.71
1997-08-31,55.18090057373047,23.084762028285436,,,,,,160.8,4.8,5.54,5.52,0.37,6.3,5.94,81.4694,0.0,,2.59
1997-09-30,57.83454513549805,23.812380836123513,,,,,,161.2,4.9,5.54,5.81,0.32,6.21,5.88,82.2156,0.0,,2.59
1997-10-31,56.41743469238281,23.870869760927945,,,,,,161.5,4.7,5.5,5.56,0.21,6.03,5.77,82.9446,0.0,,2.99
1997-11-30,58.60059356689453,32.034737034847865,,,,,,161.7,4.6,5.52,5.5,0.1,5.88,5.71,83.5978,0.0,,2.9
1997-12-31,59.71818542480469,26.276363719593395,,,,,,161.8,4.7,5.5,5.84,0.09,5.81,5.72,83.9538,0.0,,2.96
1998-01-31,60.48727035522461,23.866499996185304,,,,,,162.0,4.6,5.56,5.48,0.21,5.54,5.36,84.3218,0.0,,3.0
1998-02-28,64.67866516113281,19.99894724394146,,,,,,162.0,4.6,5.51,5.57,0.07,5.57,5.42,84.4583,0.0,,2.87
1998-03-31,67.83393096923828,20.158636353232644,,,,,,162.0,4.7,5.49,5.88,0.07,5.65,5.56,84.488,0.0,,2.83
1998-04-30,68.70161437988281,22.028571446736652,,,,,,162.2,4.3,5.45,5.59,0.09,5.64,5.56,84.7779,0.0,,2.98
1998-05-31,67.2748031616211,20.873999786376952,,,,,,162.6,4.4,5.49,5.63,0.03,5.65,5.59,85.3367,0.0,,3.18
1998-06-30,70.13887786865234,21.662727269259367,,,,,,162.8,4.5,5.56,7.06,-0.05,5.5,5.52,84.8248,0.0,,3.37
1998-07-31,69.19105529785156,19.929999871687457,,,,,,163.2,4.5,5.54,5.63,0.01,5.46,5.46,84.4986,0.0,,3.38
1998-08-31,59.42266082763672,31.58809498378209,,,,,,163.4,4.5,5.55,5.89,0.14,5.34,5.27,86.248,0.0,,5.2
1998-09-30,63.20431518554688,38.204762231735955,,,,,,163.5,4.6,5.51,6.14,0.14,4.81,4.67,86.2021,0.0,,5.95
1998-10-31,68.32898712158203,36.608181953430176,,,,,,163.9,4.5,5.07,5.35,0.52,4.53,4.09,86.7914,0.0,,6.52
1998-11-30,72.13365936279297,26.223000144958498,,,,,,164.1,4.4,4.83,5.11,0.2,4.83,4.54,86.7256,0.0,,5.44
1998-12-31,76.8528060913086,25.479090777310457,,,,,,164.4,4.4,4.68,4.07,0.11,4.65,4.51,87.1185,0.0,,5.66
1999-01-31,79.55998229980469,28.03526316191021,,,,,,164.7,4.3,4.63,4.79,0.08,4.72,4.62,87.4949,0.0,,5.6
1999-02-28,77.00860595703125,28.82263153477719,,,,,,164.7,4.4,4.76,4.84,0.16,5.0,4.88,88.027,0.0,,5.21
1999-03-31,80.2020034790039,25.309565419736117,,,,,,164.8,4.2,4.81,4.98,0.26,5.23,5.05,88.2267,0.0,,5.19
1999-04-30,83.2476577758789,23.478571483067103,,,,,,165.9,4.3,4.74,5.03,0.28,5.18,4.98,88.4295,0.0,,4.76
1999-05-31,81.3441162109375,26.204500198364258,,,,,,166.0,4.2,4.74,4.61,0.22,5.54,5.25,88.9886,0.0,,4.75
1999-06-30,85.848876953125,23.626363667574797,,,,,,166.0,4.3,4.76,5.12,0.28,5.9,5.62,88.9188,0.0,,4.87
1999-07-31,83.18563842773438,21.049047470092773,,,,,,166.7,4.3,4.99,5.07,0.29,5.79,5.55,89.4333,0.0,,4.66
1999-08-31,82.75481414794922,24.323636228388008,,,,,,167.1,4.2,5.07,5.57,0.25,5.94,5.68,89.7924,0.0,,4.9
1999-09-30,80.90633392333984,24.541428611392067,,,,,,167.8,4.2,5.22,5.51,0.27,5.92,5.66,89.4299,0.0,,5.07
1999-10-31,86.09059143066406,24.021428516932897,,,,,,168.1,4.1,5.2,5.27,0.23,6.11,5.86,90.523,0.0,,5.13
1999-11-30,87.5241470336914,21.81809525262742,,,,,,168.4,4.1,5.42,5.63,0.17,6.03,5.86,90.9618,0.0,,4.91
1999-12-31,92.52257537841795,22.15909090909091,,,,,,168.8,4.0,5.3,3.99,0.21,6.28,6.1,91.6634,0.0,,4.76
2000-01-31,87.9161376953125,23.201999855041503,,,,,,169.3,4.0,5.45,5.87,0.07,6.66,6.44,91.538,0.0,,4.87
2000-02-29,86.57752990722656,23.595500183105468,,,,,,170.0,4.1,5.73,5.85,-0.11,6.52,6.61,91.8239,0.0,,5.08
2000-03-31,94.96813201904295,22.718260806539785,,,,,,171.0,4.0,5.85,6.17,-0.47,6.26,6.53,92.1504,0.0,,5.75
2000-04-30,91.63279724121094,27.16421077125951,,,,,,170.9,3.8,6.02,6.06,-0.45,5.99,6.4,92.6989,0.0,,5.88
2000-05-31,90.19210052490234,26.373181863264605,,,,,,171.2,4.0,6.27,6.83,-0.4,6.44,6.81,92.9499,0.0,,6.16
2000-06-30,91.96725463867188,21.539999961853027,,,,,,172.2,4.0,6.53,6.86,-0.35,6.1,6.48,92.9862,0.0,,6.17
2000-07-31,90.52316284179688,19.89300012588501,,,,,,172.7,4.0,6.54,6.64,-0.26,6.05,6.34,92.8048,0.0,,6.26
2000-08-31,96.43802642822266,18.08869569197945,,,,,,172.7,4.1,6.5,6.65,-0.45,5.83,6.23,92.5521,0.0,,6.43
2000-09-30,91.1472396850586,19.6875,,,,,,173.6,3.9,6.52,6.6,-0.18,5.8,6.08,92.9792,0.0,,6.77
2000-10-31,90.72083282470705,25.200000069358133,,,,,,173.9,3.9,6.51,6.59,-0.17,5.74,5.91,92.6179,0.0,,7.79
2000-11-30,83.94830322265625,26.382857095627557,,,,,,174.2,3.9,6.51,6.62,-0.13,5.72,5.88,92.6438,0.0,,9.06
2000-12-31,83.50948333740234,26.530499839782713,,,,,,174.6,3.9,6.4,5.41,0.01,5.24,5.35,92.3415,0.0,,9.16
2001-01-31,87.22225189208984,24.91857147216797,,,,,,175.6,4.2,5.98,5.74,0.57,5.16,4.76,91.902,0.0,,7.87
2001-02-28,78.90233612060547,23.411579132080078,,,,,,176.0,4.2,5.49,5.59,0.51,5.1,4.66,91.3034,0.0,,7.7
2001-03-31,74.48086547851562,28.496818369085137,,,,,,176.1,4.3,5.31,5.29,0.75,4.89,4.34,91.1162,0.0,,8.18
2001-04-30,80.84452056884766,28.13399991989136,,,,,,176.4,4.4,4.8,4.67,1.05,5.14,4.23,90.7891,1.0,,8.06
2001-05-31,80.39136505126953,22.944090929898348,,,,,,177.3,4.3,4.21,4.24,1.21,5.39,4.26,90.3555,1.0,,7.68
2001-06-30,78.47570037841797,20.94047619047619,,,,,,177.7,4.5,3.97,3.95,1.17,5.28,4.08,89.8784,1.0,,8.16
2001-07-31,77.6755599975586,22.31619053795224,,,,,,177.4,4.6,3.77,3.82,1.28,5.24,4.04,89.3028,1.0,,8.27
2001-08-31,73.06684112548828,21.86173903423807,,,,,,177.4,4.9,3.65,3.66,1.21,4.97,3.76,89.2003,1.0,,8.05
2001-09-30,67.1023941040039,35.065333429972334,,,,,,178.1,5.0,3.07,2.75,1.74,4.73,3.12,88.7485,1.0,,10.18
2001-10-31,67.9761734008789,32.721304603244945,,,,,,177.6,5.3,2.49,2.66,1.86,4.57,2.73,88.5052,1.0,,9.61
2001-11-30,73.27679443359375,26.63095238095238,,,,,,177.5,5.5,2.09,2.06,1.94,4.65,2.78,87.97,1.0,,8.39
2001-12-31,73.69001770019531,23.720000076293946,,,,,,177.4,5.7,1.82,1.52,2.0,5.09,3.11,87.9324,0.0,,8.24
2002-01-31,72.96792602539062,22.252857208251953,,,,,,177.7,5.7,1.73,1.85,1.91,5.04,3.03,88.5176,0.0,,7.89
2002-02-28,71.65917205810547,22.875789843107526,,,,,,178.0,5.7,1.74,1.83,1.82,4.91,3.02,88.5278,0.0,,8.19
2002-03-31,74.04335021972656,18.98499994277954,,,,,,178.5,5.7,1.73,1.74,1.7,5.28,3.56,89.1686,0.0,,7.08
2002-04-30,69.7372817993164,19.900454607876863,,,,,,179.3,5.9,1.75,1.82,1.87,5.21,3.42,89.604,0.0,,6.88
2002-05-31,69.323486328125,20.08772711320357,,,,,,179.5,5.8,1.75,1.79,1.86,5.16,3.26,89.964,0.0,,7.28
2002-06-30,64.20692443847656,25.270999908447266,,,,,,179.6,5.8,1.75,1.73,1.96,4.93,2.99,90.7061,0.0,,8.75
2002-07-31,59.14613723754883,34.049544941295274,36.96099090576172,,37.613014221191406,,,180.0,5.8,1.73,1.76,2.28,4.65,2.56,90.6769,0.0,,9.71
2002-08-31,59.54840469360352,33.742727366360754,38.99871063232422,,38.98119354248047,,,180.5,5.7,1.74,1.81,2.0,4.26,2.13,90.5762,0.0,,9.61
2002-09-30,53.30462646484375,37.6475004196167,40.65972137451172,,39.79645156860352,,,180.8,5.7,1.75,1.85,1.91,3.87,2.0,90.6531,0.0,,10.33
2002-10-31,57.690731048583984,35.243043484895125,39.157596588134766,,39.553367614746094,,,181.2,5.7,1.75,1.82,2.25,3.94,1.91,90.4643,0.0,,10.59
2002-11-30,61.2491455078125,28.174999713897705,38.79888916015625,,39.836524963378906,,,181.5,5.9,1.34,1.23,2.14,4.05,1.92,90.9711,0.0,,8.83
2002-12-31,57.78428268432617,28.21047628493536,40.5546760559082,,41.40127182006836,,,181.8,6.0,1.24,1.16,2.22,4.03,1.84,90.4652,0.0,,8.9
2003-01-31,56.36310958862305,27.424285707019624,40.32115936279297,,41.06536483764648,,,182.6,5.8,1.24,1.33,2.28,4.05,1.74,91.2361,0.0,1.81,8.29
2003-02-28,55.6033821105957,32.218421032554225,41.57006072998047,,41.87836456298828,,,183.6,5.9,1.26,1.33,2.18,3.9,1.63,91.3445,0.0,1.94,8.38
2003-03-31,55.72237014770508,30.634285699753534,41.00275802612305,,41.92893981933594,,,183.9,5.9,1.25,1.38,2.32,3.81,1.57,91.1044,0.0,1.8,7.72
2003-04-30,60.4371452331543,23.991904758271716,41.432613372802734,,42.91755294799805,,,183.2,6.0,1.26,1.31,2.38,3.96,1.62,90.5617,0.0,1.73,6.44
2003-05-31,63.75123596191406,20.23952375139509,44.05098342895508,,44.5936393737793,,,182.9,6.1,1.26,1.28,2.04,3.57,1.42,90.537,0.0,1.6,6.79
2003-06-30,64.43030548095703,20.362380799793062,43.25509643554688,,44.51324081420898,,,183.1,6.3,1.22,1.45,2.22,3.33,1.23,90.6527,0.0,1.64,6.13
2003-07-31,65.59184265136719,19.16136360168457,38.93788528442383,,41.92877578735352,,,183.7,6.2,1.01,1.04,2.69,3.98,1.47,91.1185,0.0,2.08,5.67
2003-08-31,66.94473266601562,19.27428572518485,39.44623565673828,,42.53706741333008,,,184.5,6.1,1.03,1.01,2.5,4.45,1.86,90.9197,0.0,2.16,5.46
2003-09-30,66.2146224975586,19.53238096691313,41.78707885742188,,44.46720123291016,,,185.1,6.1,1.01,1.17,2.46,4.27,1.71,91.5059,0.0,2.01,5.51
2003-10-31,69.75885772705078,18.0234783006751,40.52042770385742,,43.90552520751953,,,184.9,6.0,1.01,1.03,2.48,4.29,1.75,91.6186,0.0,2.4,4.73
2003-11-30,70.52069854736328,17.401052575362357,40.657981872558594,,44.0404052734375,,,185.0,5.8,1.0,1.01,2.28,4.3,1.93,92.2329,0.0,2.31,4.48
2003-12-31,74.06880187988281,16.826363650235262,41.20418930053711,51.00555419921875,45.17311096191406,,,185.5,5.7,0.98,0.94,2.43,4.27,1.91,92.2602,0.0,2.27,4.18
2004-01-31,75.53314971923828,16.100999975204466,41.97088623046875,51.62736892700195,45.72462844848633,,,186.3,5.7,1.0,1.03,2.32,4.15,1.76,92.4006,0.0,2.31,4.05
2004-02-29,76.55818939208984,15.998421167072497,42.92862319946289,52.73563766479492,46.413673400878906,,,186.7,5.6,1.01,1.04,2.33,4.08,1.74,92.958,0.0,2.38,4.34
2004-03-31,75.54411315917969,17.687391198199727,43.534366607666016,53.61319732666016,46.87277603149414,,,187.1,5.8,1.0,1.05,2.26,3.83,1.58,92.5861,0.0,2.38,4.41
2004-04-30,74.11471557617188,15.6985715230306,40.81984329223633,51.02806854248047,45.050537109375,,,187.4,5.6,1.0,1.03,2.22,4.35,2.07,92.93,0.0,2.42,3.91
2004-05-31,75.3838119506836,17.704999876022338,40.71450424194336,52.05859375,44.81485748291016,,,188.2,5.6,1.0,1.02,2.12,4.72,2.53,93.6013,0.0,2.66,4.28
2004-06-30,76.77850341796875,15.35714290255592,41.14342498779297,51.98512649536133,44.87151336669922,,,188.9,5.6,1.03,1.38,1.92,4.73,2.76,92.871,0.0,2.52,4.1
2004-07-31,74.30482482910156,15.502380916050502,41.77356719970703,52.40614318847656,45.57259368896485,,,189.1,5.5,1.26,1.29,1.82,4.5,2.64,93.5649,0.0,2.49,4.02
2004-08-31,74.48585510253906,16.684090744365346,43.513710021972656,53.816802978515625,46.976661682128906,,,189.2,5.4,1.43,1.55,1.72,4.28,2.51,93.6277,0.0,2.35,4.06
2004-09-30,75.23344421386719,14.08095241728283,43.926876068115234,53.86125946044922,47.12297439575195,,,189.8,5.4,1.61,1.94,1.51,4.13,2.53,93.7467,0.0,2.37,3.83
2004-10-31,76.20281219482422,14.973809560139975,44.70204162597656,54.45061492919922,47.6804084777832,,,190.8,5.5,1.76,1.79,1.49,4.1,2.58,94.5465,0.0,2.42,3.63
2004-11-30,79.59516143798828,13.577142897106352,43.63105392456055,54.27351379394531,47.0987663269043,,45.119998931884766,191.7,5.4,1.93,2.02,1.34,4.19,2.85,94.7813,0.0,2.61,3.17
2004-12-31,81.99264526367188,12.459545438939875,44.7911491394043,55.228153228759766,47.75389862060547,,43.79999923706055,191.7,5.4,2.16,1.97,1.16,4.23,3.01,95.5365,0.0,2.56,3.1
2005-01-31,80.15433502197266,13.43799991607666,46.38957214355469,55.233360290527344,48.34050369262695,,42.220001220703125,191.6,5.3,2.28,2.5,0.85,4.22,3.22,95.8801,0.0,2.49,3.29
2005-02-28,81.829833984375,11.708947482861971,45.70663070678711,54.941673278808594,47.887916564941406,,43.52999877929688,192.4,5.4,2.5,2.52,0.77,4.17,3.38,96.5761,0.0,2.66,2.83
2005-03-31,80.33294677734375,13.126363667574795,45.49882125854492,55.06190490722656,47.283451080322266,,42.81999969482422,193.1,5.2,2.63,2.96,0.7,4.5,3.73,96.4456,0.0,2.71,3.52
2005-04-30,78.82787322998047,14.459047589983259,47.25745391845703,56.04066467285156,48.05019760131836,,43.34999847412109,193.7,5.2,2.79,2.97,0.55,4.34,3.65,96.6532,0.0,2.6,4.19
2005-05-31,81.36811828613281,13.967618987673806,48.74020004272461,56.466407775878906,48.34938049316406,,41.650001525878906,193.6,5.1,3.0,3.09,0.4,4.14,3.64,96.7402,0.0,2.37,4.13
2005-06-30,81.4913558959961,11.868636348030783,49.79533004760742,56.75861740112305,48.93922424316406,,43.43999862670898,193.7,5.0,3.04,3.35,0.28,4.0,3.64,97.1753,0.0,2.27,3.85
2005-07-31,84.60933685302734,11.049000024795532,48.11186218261719,55.35593032836914,48.534698486328125,,42.81999969482422,194.9,5.0,3.26,3.31,0.26,4.18,3.87,96.8676,0.0,2.36,3.3
2005-08-31,83.81616973876953,12.951304394265879,49.78443145751953,56.75700378417969,49.26424789428711,,43.400001525878906,196.1,4.9,3.5,3.63,0.18,4.26,4.04,97.1833,0.0,2.37,3.66
2005-09-30,84.48886108398438,12.628095263526554,47.98576736450195,56.66925811767578,48.34749984741211,,46.70000076293945,198.8,5.0,3.62,3.93,0.16,4.2,3.95,95.3005,0.0,2.56,3.54
2005-10-31,82.49059295654297,14.937618982224237,46.91044616699219,55.925819396972656,47.58275604248047,,46.400001525878906,199.1,5.0,3.78,4.02,0.17,4.46,4.27,96.4572,0.0,2.57,3.61
2005-11-30,86.11627960205078,12.147619111197335,47.2342643737793,56.02450942993164,47.895320892333984,,49.09999847412109,198.1,5.0,4.0,4.03,0.07,4.54,4.42,97.5414,0.0,2.37,3.67
2005-12-31,85.95149993896484,11.260000001816522,48.642608642578125,56.60353469848633,48.30767440795898,,51.58000183105469,198.1,4.9,4.16,4.09,-0.02,4.47,4.4,98.0452,0.0,2.33,3.71
2006-01-31,88.0155029296875,12.03600001335144,47.991580963134766,56.620059967041016,48.09687805175781,,56.70000076293945,199.3,4.7,4.29,4.47,-0.01,4.42,4.4,98.1999,0.0,2.53,3.42
2006-02-28,88.51946258544922,12.47105262154027,48.52331161499024,56.620059967041016,48.42515563964844,,56.06999969482422,199.4,4.8,4.49,4.52,-0.14,4.57,4.67,98.2413,0.0,2.53,3.37
2006-03-31,89.98037719726562,11.693913003672725,46.30583572387695,55.408973693847656,47.60992813110352,,58.09999847412109,199.7,4.7,4.59,5.0,0.04,4.72,4.73,98.4628,0.0,2.51,3.13
2006-04-30,91.1169662475586,11.847368441129985,45.03135299682617,55.27892303466797,47.51367568969727,,65.08999633789062,200.7,4.7,4.79,4.86,0.2,4.99,4.89,98.7618,0.0,2.68,3.04
2006-05-31,88.3724594116211,14.454545411196621,44.94535446166992,55.442970275878906,47.42338180541992,,64.2300033569336,201.3,4.6,4.94,5.05,0.08,5.11,4.97,98.7869,0.0,2.64,3.12
2006-06-30,88.6029281616211,16.91863627867265,45.4749870300293,55.6800651550293,47.38263320922852,,61.22999954223633,201.8,4.6,4.99,5.05,-0.01,5.11,5.12,99.0997,0.0,2.61,3.35
2006-07-31,88.99974822998047,15.325999879837036,46.458740234375,56.52134323120117,48.07391357421875,,63.15999984741211,202.9,4.7,5.24,5.31,0.02,5.09,5.12,99.0489,0.0,2.58,3.45
2006-08-31,90.9419403076172,13.351739137069039,47.878562927246094,57.46118927001953,49.143836975097656,,62.290000915527344,203.8,4.7,5.25,5.31,-0.05,4.88,4.9,99.4836,0.0,2.5,3.49
2006-09-30,93.3975067138672,12.184499979019165,48.79539489746094,57.52492904663086,49.5726432800293,,59.470001220703125,202.8,4.5,5.25,5.34,-0.07,4.72,4.77,99.3183,0.0,2.37,3.44
2006-10-31,96.3411102294922,11.306363625959916,49.20851516723633,57.48261260986328,50.069034576416016,,60.2400016784668,201.9,4.4,5.25,5.31,-0.1,4.73,4.8,99.2044,0.0,2.27,3.29
2006-11-30,98.25687408447266,10.817619051252093,50.3443717956543,58.09907913208008,50.800689697265625,,64.38999938964844,202.0,4.5,5.25,5.31,-0.16,4.6,4.74,99.1627,0.0,2.3,3.2
2006-12-31,99.57069396972656,10.964500045776367,48.98723983764648,56.76051712036133,50.34547805786133,,63.209999084472656,203.1,4.4,5.24,5.17,-0.11,4.56,4.67,100.1735,0.0,2.3,2.89
2007-01-31,101.06822967529295,11.042500066757203,48.49971771240234,56.89262390136719,50.39265441894531,,64.83000183105469,203.437,4.6,5.25,5.33,-0.11,4.76,4.88,99.8346,0.0,2.43,2.72
2007-02-28,99.08553314208984,11.155263097662674,50.143367767333984,58.01860046386719,51.40080261230469,,66.4800033569336,204.226,4.5,5.26,5.41,-0.09,4.72,4.85,100.7753,0.0,2.36,2.82
2007-03-31,100.2338638305664,15.162727269259365,49.29074478149414,58.20759201049805,51.0538330078125,,65.73999786376953,205.288,4.4,5.26,5.3,0.07,4.56,4.57,100.9547,0.0,2.44,2.85
2007-04-30,104.67377471923828,12.93299994468689,49.73686981201172,58.59441375732422,51.50900268554688,32.72554397583008,67.08999633789062,205.904,4.5,5.25,5.29,0.03,4.69,4.67,101.6334,0.0,2.43,2.74
2007-05-31,108.22429656982422,13.297727324745871,48.58605194091797,57.82594299316406,50.87504577636719,32.84769058227539,65.54000091552734,206.755,4.4,5.25,5.28,-0.02,4.75,4.77,101.7306,0.0,2.36,2.46
2007-06-30,106.64198303222656,14.947618938627697,48.093631744384766,57.70176696777344,50.46297836303711,31.812156677246094,64.2699966430664,207.234,4.6,5.25,5.31,0.16,5.1,4.98,101.7893,0.0,2.38,2.98
2007-07-31,103.30303955078124,17.273333277021134,49.68991088867188,59.02936172485352,50.04705429077149,30.57779693603516,65.79000091552734,207.603,4.7,5.26,5.28,0.22,5.0,4.82,101.6672,0.0,2.34,4.19
2007-08-31,104.6287078857422,25.026086724322774,50.57820892333984,59.514625549316406,51.24129486083984,32.166038513183594,66.5199966430664,207.667,4.6,5.02,4.96,0.39,4.67,4.31,101.863,0.0,2.2,4.55
2007-09-30,108.67930603027344,22.19894740456029,50.693603515625,60.27672576904297,51.61708068847656,33.10603332519531,73.51000213623047,208.547,4.7,4.94,4.58,0.62,4.52,4.01,102.0894,0.0,2.32,4.2
2007-10-31,110.1537094116211,19.115652084350586,51.6142807006836,60.9796257019043,52.11503219604492,33.26457977294922,78.62000274658203,209.19,4.7,4.76,4.6,0.54,4.53,3.97,101.8015,0.0,2.34,4.36
2007-11-30,105.8871841430664,25.582380930582683,54.37630081176758,63.49074172973633,52.646366119384766,32.89057540893555,77.31999969482422,210.834,4.7,4.49,4.66,0.93,4.15,3.34,102.3446,0.0,2.34,5.75
2007-12-31,104.6948471069336,21.651000022888184,54.034950256347656,63.53032302856445,52.22342300415039,32.863460540771484,82.45999908447266,211.445,5.0,4.24,3.06,0.99,4.1,3.12,102.3803,0.0,2.31,5.92
2008-01-31,98.3648681640625,25.816190719604492,55.167457580566406,65.80008697509766,53.56333541870117,32.26309967041016,91.4000015258789,212.174,5.0,3.94,3.22,1.5,3.74,2.48,102.2448,1.0,2.34,6.95
2008-02-29,95.8228988647461,25.456000137329102,54.916263580322266,66.7362289428711,53.18502807617188,31.659971237182617,96.18000030517578,212.687,4.9,2.98,3.01,1.88,3.74,1.97,101.8438,1.0,2.43,7.67
2008-03-31,94.96600341796876,27.103500080108642,56.09088134765625,66.64288330078125,52.86743927001953,31.95952796936035,90.41000366210938,213.448,5.1,2.61,2.51,1.83,3.51,1.62,101.5336,1.0,2.34,8.21
2008-04-30,99.49230194091795,21.562727321277965,54.69626998901367,65.71005249023438,53.52545547485352,33.04513931274414,86.6500015258789,213.942,5.0,2.28,2.37,1.48,3.68,2.05,100.8785,1.0,2.27,6.86
2008-05-31,100.99628448486328,18.303333009992325,53.225887298583984,65.7802734375,52.345096588134766,32.877132415771484,87.44999694824219,215.208,5.4,1.98,1.98,1.4,3.88,2.45,100.2674,1.0,2.48,6.53
2008-06-30,92.55538940429688,22.11047617594401,54.63831329345703,66.95742797851562,51.66898727416992,31.66898727416992,91.4000015258789,217.463,5.6,2.0,2.47,1.36,4.1,2.77,100.0335,1.0,2.51,7.35
2008-07-31,91.72373962402344,24.32136362249201,54.43760299682617,66.5492172241211,51.87059020996094,31.855892181396484,90.08000183105467,219.016,5.8,2.01,2.09,1.47,4.01,2.57,99.676,1.0,2.34,8.0
2008-08-31,93.14119720458984,20.695714133126394,55.92877197265625,67.0688705444336,51.94564437866211,31.569942474365234,81.70999908447266,218.69,6.1,2.0,1.94,1.47,3.89,2.42,98.1111,1.0,2.15,8.36
2008-09-30,84.3697509765625,30.238571348644438,56.7542724609375,64.3713607788086,46.37166595458984,28.20585823059082,85.06999969482422,218.877,6.1,1.81,2.03,1.85,3.69,2.08,93.7895,1.0,1.6,10.96
2008-10-31,70.43299865722656,61.1773912181025,55.698238372802734,59.16401672363281,45.471561431884766,24.976289749145508,71.33999633789062,216.995,6.5,0.97,0.22,2.45,3.81,1.61,94.7219,1.0,0.87,16.17
2008-11-30,65.5304183959961,62.639473362972865,63.686134338378906,59.68281173706055,46.99657440185547,23.204036712646484,80.30999755859375,213.153,6.8,0.39,0.52,1.93,3.53,1.21,93.4715,1.0,0.33,19.88
2008-12-31,66.17234802246094,52.405000166459516,72.38078308105469,63.56431198120117,53.48883819580078,27.09447479248047,86.5199966430664,211.398,7.3,0.16,0.14,1.49,2.42,0.82,90.8357,1.0,0.11,18.12
2009-01-31,60.73866653442383,44.68300018310547,62.9200439453125,63.538700103759766,52.5259017944336,26.819976806640625,91.30999755859376,211.933,7.8,0.15,0.23,1.93,2.52,0.81,88.57,1.0,1.14,16.26
2009-02-28,54.21235275268555,45.57052592227333,61.9561767578125,62.14238357543945,49.79249954223633,24.214223861694336,92.62999725341795,212.705,8.3,0.22,0.22,2.02,2.87,0.98,88.031,1.0,0.96,17.38
2009-03-31,58.728816986083984,44.7954548922452,64.4637222290039,65.81250762939453,50.02742004394531,24.67606544494629,90.27999877929688,212.495,8.7,0.18,0.16,1.9,2.82,0.93,86.6528,1.0,1.28,17.03
2009-04-30,64.56330871582031,38.063809349423366,59.9821891784668,64.63107299804688,51.4165153503418,28.092742919921875,87.2699966430664,212.709,9.0,0.15,0.2,2.25,2.93,0.93,85.9344,1.0,1.47,13.45
2009-05-31,68.33726501464844,31.97799997329712,57.765872955322266,65.92152404785156,52.607757568359375,28.894895553588867,96.1999969482422,213.022,9.4,0.18,0.19,2.55,3.29,0.93,85.0665,1.0,1.8,11.7
2009-06-30,68.29251861572266,29.140454725785688,58.19976425170898,66.05213928222656,54.12887191772461,29.86336708068848,91.18000030517578,214.79,9.5,0.21,0.22,2.42,3.72,1.18,84.7459,1.0,1.75,10.55
2009-07-31,73.38749694824219,26.16272735595703,58.53501892089844,66.11022186279297,56.63643646240234,31.929630279541016,93.3499984741211,214.726,9.5,0.16,0.18,2.39,3.56,1.02,85.7027,0.0,1.81,9.22
2009-08-31,76.0984115600586,25.33714285350981,59.84086990356445,66.66641235351562,57.37843322753906,31.38782119750977,93.4000015258789,215.445,9.6,0.16,0.15,2.43,3.59,1.12,86.6426,0.0,1.64,9.12
2009-09-30,78.79663848876953,24.926666713896253,61.31180191040039,68.01507568359375,58.38768005371094,33.20801544189453,98.8499984741211,215.861,9.8,0.15,0.07,2.36,3.4,0.96,87.4063,0.0,1.75,7.93
2009-10-31,77.28179931640625,24.252272865988992,59.70784759521485,68.79357147216797,58.097412109375,33.027732849121094,102.52999877929688,216.509,10.0,0.12,0.11,2.51,3.39,0.95,87.6419,0.0,2.0,7.6
2009-11-30,82.04286193847656,23.783499908447265,60.43204879760742,70.71930694580078,59.231815338134766,33.58406448364258,115.63999938964844,217.234,9.9,0.12,0.13,2.54,3.4,0.8,88.0221,0.0,2.08,7.65
2009-12-31,83.6099624633789,21.239545475352894,56.597259521484375,69.24188995361328,58.00725936889648,34.8215446472168,107.30999755859376,217.347,9.9,0.12,0.05,2.71,3.59,0.87,88.3793,0.0,2.37,6.39
2010-01-31,80.57134246826172,20.643157758210833,58.12093734741211,70.30152893066406,58.73130798339844,34.18332290649414,105.95999908447266,217.488,9.8,0.11,0.12,2.81,3.73,0.93,89.3426,0.0,2.33,6.54
2010-02-28,83.08476257324219,22.540000012046413,57.92192077636719,69.38533020019531,59.02888107299805,34.82371139526367,109.43000030517578,217.281,9.8,0.13,0.13,2.8,3.69,0.86,89.6779,0.0,2.13,6.71
2010-03-31,88.14289855957031,17.767391287762187,56.73025894165039,69.3813705444336,59.4136848449707,35.56667709350586,108.9499969482422,217.353,9.9,0.16,0.09,2.82,3.73,0.96,90.2928,0.0,2.24,5.84
2010-04-30,89.5064926147461,17.42428566160656,58.61476135253906,71.1263198852539,60.54721832275391,36.25113677978516,115.36000061035156,217.403,9.9,0.2,0.2,2.72,3.85,1.06,90.5991,0.0,2.4,5.61
2010-05-31,82.39480590820312,31.929500007629393,61.60904312133789,71.26266479492188,59.75504302978516,34.556182861328125,118.87999725341795,217.29,9.6,0.2,0.19,2.55,3.42,0.83,91.823,0.0,1.99,6.98
2010-06-30,78.13159942626953,29.91636371612549,65.18099975585938,72.17469787597656,61.714134216308594,34.94017028808594,121.68000030517578,217.199,9.4,0.18,0.09,2.36,3.2,0.72,91.9928,0.0,1.82,7.13
2010-07-31,83.46805572509766,25.565237862723215,64.56415557861328,71.9993896484375,63.0167121887207,36.74073791503906,115.48999786376952,217.605,9.4,0.18,0.18,2.39,3.01,0.62,92.3421,0.0,1.8,6.59
2010-08-31,79.71363067626953,24.745908997275613,69.98165130615234,73.39763641357422,64.81614685058594,36.377174377441406,122.08000183105467,217.923,9.5,0.19,0.21,2.0,2.7,0.52,92.6805,0.0,1.52,6.92
2010-09-30,86.85236358642578,22.51761899675642,68.21785736083984,73.97417449951172,65.11207580566406,37.707794189453125,127.91000366210938,218.275,9.5,0.19,0.15,2.11,2.65,0.48,92.9537,0.0,1.78,6.26
2010-10-31,90.17028045654295,20.3733332497733,65.16902160644531,75.80443572998047,64.9410171508789,38.40056228637695,132.6199951171875,219.035,9.4,0.19,0.2,2.29,2.54,0.38,92.6903,0.0,2.13,5.93
2010-11-30,90.17028045654295,20.095714387439546,64.068115234375,74.5213394165039,63.89200973510742,37.91108322143555,135.4199981689453,219.59,9.8,0.19,0.2,2.36,2.76,0.45,92.7709,0.0,2.07,6.22
2010-12-31,96.19837951660156,17.569545529105447,61.69821548461914,73.48723602294922,63.41146469116211,38.96991729736328,138.72000122070312,220.472,9.3,0.18,0.13,2.69,3.29,0.62,93.6787,0.0,2.3,5.41
2011-01-31,98.43982696533205,17.31549987792969,59.797210693359375,73.50094604492188,63.43484115600586,39.61299133300781,129.8699951171875,221.187,9.1,0.17,0.17,2.84,3.39,0.61,93.4814,0.0,2.34,5.08
2011-02-28,101.85936737060548,17.4299999036287,60.78392028808594,74.03073120117188,64.12004089355469,40.181617736816406,137.66000366210938,221.898,9.0,0.16,0.16,2.73,3.58,0.77,93.1102,0.0,2.39,4.78
2011-03-31,101.87158203125,20.72347815140434,60.8017692565918,74.9118881225586,63.77340316772461,40.19865798950195,139.86000061035156,223.046,9.0,0.14,0.1,2.67,3.41,0.7,94.0788,0.0,2.48,4.77
2011-04-30,104.82198333740234,16.244000005722047,62.22391128540039,76.69334411621094,65.37055969238281,40.84084701538086,152.3699951171875,224.093,9.1,0.1,0.09,2.71,3.46,0.73,93.7749,0.0,2.57,4.76
2011-05-31,103.64646911621094,16.911428587777273,64.35380554199219,76.89724731445312,66.20047760009766,40.89530944824219,149.63999938964844,224.806,9.0,0.09,0.1,2.6,3.17,0.56,93.888,0.0,2.25,5.09
2011-06-30,101.89794158935548,19.15318202972412,62.8587646484375,77.4777603149414,65.67269134521484,40.66191482543945,146.0,224.806,9.1,0.09,0.07,2.73,3.0,0.41,94.172,0.0,2.43,5.42
2011-07-31,99.85951232910156,19.22749991416931,65.6337661743164,80.4990463256836,67.26866149902344,40.8062629699707,158.2899932861328,225.395,9.0,0.07,0.11,2.46,3.0,0.41,94.636,0.0,2.44,5.58
2011-08-31,94.36966705322266,35.02913035517154,71.9789047241211,81.01709747314453,67.49758911132812,39.692989349365234,177.72000122070312,226.106,9.0,0.1,0.08,2.03,2.3,0.23,95.2749,0.0,2.05,7.3
2011-09-30,87.81843566894531,36.52999977838425,81.4845199584961,81.01004028320312,67.73460388183594,37.58870315551758,158.05999755859375,226.597,9.0,0.08,0.06,1.67,1.98,0.21,95.1961,0.0,1.75,8.41
2011-10-31,97.40360260009766,32.82904770260765,78.36427307128906,82.68729400634766,69.43446350097656,40.78062057495117,167.33999633789062,226.75,8.8,0.07,0.09,1.92,2.15,0.28,95.8568,0.0,2.09,7.07
2011-11-30,97.00778198242188,31.941904703776043,79.92301940917969,83.12164306640625,67.24266052246094,39.79090881347656,170.1300048828125,227.169,8.6,0.08,0.1,1.83,2.01,0.25,95.8485,0.0,2.05,7.79
2011-12-31,98.02134704589844,25.047619047619047,82.67626953125,83.25794982910156,69.58821868896484,41.6021728515625,151.99000549316406,227.223,8.5,0.07,0.04,1.64,1.98,0.26,96.3571,0.0,1.96,7.23
2012-01-31,102.5670394897461,20.227999877929687,82.4035415649414,85.16297149658203,71.08077239990234,42.21160507202149,169.30999755859375,227.842,8.3,0.08,0.11,1.61,1.97,0.24,96.9318,0.0,2.11,6.61
2012-02-29,107.01898956298828,18.420499992370605,80.26345825195312,84.67069244384766,72.24144744873047,43.09903717041016,164.2899932861328,228.329,8.3,0.1,0.1,1.68,1.97,0.28,97.2435,0.0,2.26,5.98
2012-03-31,110.46110534667967,16.16727287119085,76.86357116699219,83.9428939819336,71.2147445678711,42.688255310058594,162.1199951171875,228.807,8.2,0.13,0.09,1.9,2.17,0.34,96.74,0.0,2.32,5.99
2012-04-30,109.72370910644533,17.822999906539916,80.57928466796875,85.44109344482422,71.98544311523438,43.173484802246094,161.8800048828125,229.187,8.2,0.14,0.16,1.68,2.05,0.29,97.4359,0.0,2.25,6.04
2012-05-31,103.13417053222656,21.001818136735395,87.85189819335938,87.10401153564453,72.53047180175781,41.78292465209961,151.6199951171875,228.713,8.2,0.16,0.16,1.32,1.8,0.29,97.6609,0.0,2.09,6.96
2012-06-30,107.31948852539062,21.130952290126256,86.37755584716797,86.5214614868164,73.16259002685547,43.72864532470703,155.19000244140625,228.524,8.2,0.16,0.09,1.34,1.62,0.29,97.6663,0.0,2.13,6.44
2012-07-31,108.58904266357422,17.565238180614653,89.67486572265625,88.03954315185547,75.71089172363281,44.17570495605469,156.49000549316406,228.59,8.2,0.16,0.13,1.28,1.53,0.25,97.8713,0.0,2.2,6.16
2012-08-31,111.3094711303711,15.689565119536027,88.49209594726562,87.822021484375,75.6701431274414,44.725528717041016,164.22000122070312,229.918,8.1,0.13,0.13,1.35,1.68,0.27,97.4525,0.0,2.25,5.98
2012-09-30,114.13125610351562,15.284736834074321,86.25074768066406,88.27149963378906,76.50260162353516,44.95835494995117,171.88999938964844,231.015,7.8,0.14,0.09,1.42,1.72,0.26,97.381,0.0,2.42,5.74
2012-10-31,112.05429077148438,16.276190576099214,85.83329772949219,88.82246398925781,77.53242492675781,45.33783721923828,166.8300018310547,231.638,7.8,0.16,0.18,1.42,1.75,0.28,97.7193,0.0,2.5,5.63
2012-11-30,112.6884765625,16.70190484183175,86.82831573486328,89.31806945800781,76.97147369384766,45.56308364868164,166.0500030517578,231.249,7.7,0.16,0.16,1.37,1.65,0.27,98.0777,0.0,2.41,5.65
2012-12-31,113.6952667236328,17.306999826431273,84.66826629638672,88.58409118652344,76.7170639038086,46.20155334472656,162.02000427246094,231.221,7.9,0.16,0.09,1.53,1.72,0.26,98.3101,0.0,2.45,5.34
2013-01-31,119.51535034179688,13.505238124302455,81.97128295898438,88.12442016601562,75.72158813476562,46.35995864868164,161.1999969482422,231.679,8.0,0.14,0.15,1.75,1.91,0.27,98.3342,0.0,2.59,4.95
2013-02-28,121.04022216796876,14.07263163516396,82.9866943359375,88.292236328125,76.53631591796875,46.79235076904297,153.0,232.937,7.7,0.15,0.14,1.64,1.98,0.27,98.7941,0.0,2.53,4.98
2013-03-31,125.63632202148438,13.031500005722046,82.63863372802734,88.48196411132812,76.50061798095703,47.200565338134766,154.4499969482422,232.282,7.5,0.14,0.09,1.62,1.96,0.26,99.1921,0.0,2.51,4.86
2013-04-30,128.05003356933594,13.967272715135055,86.51016235351562,89.18286895751953,78.1633529663086,48.200286865234375,142.77000427246094,231.797,7.6,0.15,0.14,1.48,1.76,0.23,99.1065,0.0,2.34,4.55
2013-05-31,131.0732879638672,13.493636304681951,80.66123962402344,85.44322204589844,75.64838409423828,46.95613861083984,133.9199981689453,231.893,7.5,0.11,0.09,1.86,1.93,0.25,99.1839,0.0,2.21,4.62
2013-06-30,129.3241729736328,17.271499919891358,78.02256774902344,82.19462585449219,73.17656707763672,46.1632194519043,119.11000061035156,232.445,7.5,0.09,0.07,2.16,2.3,0.33,99.3897,0.0,1.99,5.21
2013-07-31,136.00723266601562,13.97454565221613,76.26083374023438,82.93599700927734,73.98591613769531,47.48070526123047,127.95999908447266,232.9,7.3,0.09,0.09,2.29,2.58,0.34,99.0814,0.0,2.22,4.71
2013-08-31,131.9280548095703,14.209999908100475,75.23863983154297,81.42140197753906,73.24723052978516,46.8767204284668,134.6199951171875,233.456,7.2,0.08,0.07,2.39,2.74,0.36,99.6543,0.0,2.1,4.76
2013-09-30,136.1031036376953,14.692000102996825,75.7290267944336,82.85133361816406,73.79069519042969,47.24296951293945,128.17999267578125,233.544,7.2,0.08,0.06,2.31,2.81,0.4,100.161,0.0,2.19,4.83
2013-10-31,142.40560913085938,15.407826050468113,76.81228637695312,83.13622283935547,75.12491607666016,48.43268585205078,127.73999786376952,233.669,7.2,0.09,0.07,2.26,2.62,0.34,100.082,0.0,2.17,4.36
2013-11-30,146.6261444091797,12.923999977111816,74.73585510253906,82.25775146484375,75.02029418945312,48.66183090209961,120.6999969482422,234.1,6.9,0.08,0.07,2.47,2.72,0.3,100.3158,0.0,2.15,4.27
2013-12-31,150.427734375,14.192380905151367,73.33855438232422,81.0628433227539,75.18145751953125,48.85976028442383,116.12000274658205,234.719,6.7,0.09,0.07,2.66,2.9,0.34,100.5175,0.0,2.24,4.0
2014-01-31,145.12539672851562,14.240952400934129,77.96090698242188,82.76668548583984,76.59698486328125,49.05441284179688,120.08999633789062,235.288,6.6,0.07,0.07,2.33,2.86,0.39,100.1599,0.0,2.14,4.21
2014-02-28,151.73089599609375,15.470000116448654,78.36945343017578,83.12808990478516,77.47396850585938,50.18682098388672,127.62000274658205,235.547,6.7,0.07,0.06,2.33,2.71,0.33,100.9168,0.0,2.17,3.81
2014-03-31,152.98959350585938,14.836666742960611,78.94326782226562,82.68553924560547,77.45143127441406,50.14591598510742,123.61000061035156,236.028,6.7,0.08,0.06,2.29,2.72,0.4,101.8942,0.0,2.13,3.77
2014-04-30,154.05300903320312,14.198095321655273,80.5972900390625,83.77721405029297,78.48102569580078,50.35675048828125,124.22000122070312,236.468,6.2,0.09,0.09,2.25,2.71,0.42,101.9928,0.0,2.18,3.71
2014-05-31,157.6280517578125,12.475238028026762,82.9745101928711,85.45390319824219,79.66949462890625,50.96424102783203,120.43000030517578,236.918,6.3,0.09,0.08,2.11,2.56,0.39,102.3836,0.0,2.22,3.67
2014-06-30,160.88226318359375,11.541428565979004,82.7660140991211,85.76990509033203,79.67488098144531,51.27609252929688,128.0399932861328,237.231,6.1,0.1,0.09,2.06,2.6,0.45,102.735,0.0,2.26,3.53
2014-07-31,158.7204132080078,12.296363613822244,83.31571197509766,85.69086456298828,79.42029571533203,50.02916717529297,123.38999938964844,237.498,6.2,0.09,0.08,2.05,2.54,0.51,102.9632,0.0,2.29,4.04
2014-08-31,164.98402404785156,13.497142927987236,87.25138854980469,86.21149444580078,81.0119400024414,51.2199821472168,123.86000061035156,237.46,6.1,0.09,0.07,1.87,2.42,0.47,102.7688,0.0,2.12,3.84
2014-09-30,162.70794677734375,13.466666630336217,85.40828704833984,83.97408294677734,79.64961242675781,50.20441818237305,116.20999908447266,237.477,5.9,0.09,0.07,1.94,2.53,0.57,103.0641,0.0,1.97,4.4
2014-10-31,166.53982543945312,18.01608711740245,87.81560516357422,84.73081970214844,80.6326904296875,50.736854553222656,112.66000366210938,237.43,5.7,0.09,0.07,1.85,2.3,0.45,103.0764,0.0,1.92,4.3
2014-11-30,171.1150665283203,13.41315786462081,90.42145538330078,84.86576080322266,81.36781311035156,50.18833923339844,112.11000061035156,236.983,5.8,0.09,0.08,1.71,2.33,0.53,103.7126,0.0,1.79,4.67
2014-12-31,170.6809844970703,16.3118182962591,93.3613739013672,83.97357940673828,81.35382080078125,49.7852897644043,113.58000183105467,236.252,5.6,0.12,0.06,1.5,2.21,0.64,103.7044,0.0,1.68,5.04
2015-01-31,165.62384033203125,19.119499969482423,102.52550506591795,86.68751525878906,84.4060287475586,50.13534927368164,123.4499969482422,234.747,5.7,0.11,0.06,1.21,1.88,0.55,102.8905,0.0,1.65,5.26
2015-02-28,174.9326171875,15.904210492184287,96.2320785522461,85.57042694091797,83.2071304321289,51.25392150878906,116.16000366210938,235.342,5.5,0.11,0.06,1.37,1.98,0.62,102.2335,0.0,1.83,4.46
2015-03-31,172.18515014648438,14.812727277929133,97.28314971923828,85.15811920166016,83.36942291259766,50.76814270019531,113.66000366210938,235.976,5.4,0.11,0.06,1.38,2.04,0.64,101.8914,0.0,1.76,4.82
2015-04-30,173.87841796875,13.494761875697545,93.95108032226562,85.73538208007812,82.37972259521484,51.21051025390625,113.47000122070312,236.222,5.4,0.12,0.08,1.47,1.94,0.54,101.3355,0.0,1.94,4.59
2015-05-31,176.11387634277344,13.3385000705719,91.72213745117188,84.87322998046875,81.456787109375,51.392539978027344,114.0999984741211,237.001,5.6,0.12,0.08,1.51,2.2,0.61,100.8883,0.0,1.8,4.58
2015-06-30,172.53660583496094,14.33954551003196,87.98716735839844,84.00357818603516,79.92285919189453,50.422698974609375,112.37000274658205,237.657,5.3,0.13,0.08,1.71,2.36,0.69,100.571,0.0,1.87,5.0
2015-07-31,176.43408203125,14.35272723978216,91.98704528808594,84.45339965820312,80.58777618408203,50.174583435058594,104.93000030517578,238.034,5.2,0.13,0.08,1.53,2.32,0.67,101.2228,0.0,1.74,5.36
2015-08-31,165.680419921875,19.42809536343529,91.35284423828124,83.65122985839844,79.92098236083984,49.410301208496094,108.81999969482422,238.033,5.1,0.14,0.08,1.47,2.17,0.7,101.0367,0.0,1.63,5.7
2015-09-30,161.45291137695312,24.3771428607759,93.14964294433594,83.21371459960938,80.87188720703125,47.9329833984375,106.86000061035156,237.498,5.0,0.14,0.07,1.42,2.17,0.71,100.7547,0.0,1.41,6.62
2015-10-31,175.18606567382812,16.789545449343596,92.76879119873048,83.4634017944336,81.33577728271484,49.48158645629883,109.3000030517578,237.733,5.0,0.12,0.07,1.41,2.07,0.64,100.2675,0.0,1.53,5.9
2015-11-30,175.8263702392578,16.209999990463256,91.9639129638672,83.34305572509766,81.21035766601562,48.24651718139648,101.91999816894533,238.017,5.1,0.12,0.08,1.27,2.26,0.88,99.5298,0.0,1.59,6.4
2015-12-31,172.7876739501953,18.02545473792336,91.69060516357422,82.50059509277344,80.33243560791016,47.28532028198242,101.45999908447266,237.761,5.0,0.24,0.2,1.21,2.24,0.98,99.0417,0.0,1.54,6.95
2016-01-31,164.18516540527344,23.717894805105107,96.8005599975586,83.79435729980469,80.4310531616211,46.52831268310547,106.9499969482422,237.652,4.8,0.34,0.29,1.18,2.09,0.9,99.5607,0.0,1.41,7.77
2016-02-29,164.0495147705078,22.516999816894533,99.78778076171876,84.8173828125,81.27699279785156,47.22478485107422,118.63999938964844,237.336,4.9,0.38,0.29,0.96,1.78,0.73,99.0445,0.0,1.42,7.75
2016-03-31,175.08445739746094,15.849090966311367,99.69465637207033,86.23148345947266,84.21479034423828,48.42760848999024,117.63999938964844,238.08,5.0,0.36,0.25,1.05,1.89,0.88,98.3096,0.0,1.62,7.05
2016-04-30,175.77455139160156,14.300476255871,98.96041107177734,86.4119873046875,85.52400970458984,49.93979644775391,123.6500015258789,238.992,5.1,0.37,0.3,1.06,1.81,0.77,98.6421,0.0,1.71,6.21
2016-05-31,178.7646942138672,14.852857044764928,99.75745391845705,85.85541534423828,85.08572387695312,50.02476501464844,116.05999755859376,239.557,4.8,0.37,0.29,0.97,1.81,0.82,98.4184,0.0,1.54,5.97
2016-06-30,179.38612365722656,17.774545496160332,106.67477416992188,87.7861328125,87.7185287475586,50.9217529296875,126.47000122070312,240.222,4.9,0.38,0.3,0.91,1.64,0.73,98.8833,0.0,1.4,6.21
2016-07-31,185.92849731445312,13.158500051498413,108.91765594482422,88.34690856933594,88.85150146484375,51.59039688110352,128.97999572753906,240.101,4.8,0.39,0.3,0.79,1.5,0.67,98.9992,0.0,1.49,5.69
2016-08-31,186.15118408203125,12.399565240611201,107.81382751464844,88.04417419433594,89.01171875,52.60552215576172,124.77999877929688,240.545,4.9,0.4,0.3,0.78,1.56,0.74,98.85,0.0,1.47,5.1
2016-09-30,186.1619415283203,14.219523793175107,106.18753051757812,88.70510864257812,88.73076629638672,53.1728401184082,125.63999938964844,241.176,5.0,0.4,0.29,0.83,1.63,0.77,98.7457,0.0,1.6,4.97
2016-10-31,182.9344787597656,14.58523804800851,101.53585052490234,88.22540283203125,87.37443542480469,52.650123596191406,121.94000244140624,241.741,4.9,0.4,0.31,0.98,1.76,0.84,98.7611,0.0,1.73,4.91
2016-11-30,189.67352294921875,15.236190387180873,93.19596862792967,86.3978271484375,84.60686492919922,52.65997314453125,111.75,242.026,4.7,0.41,0.31,1.26,2.14,0.98,98.3491,0.0,1.94,4.67
2016-12-31,193.5185394287109,12.472380956013998,92.76482391357422,86.36268615722656,85.31682586669922,53.62831497192383,109.61000061035156,242.637,4.7,0.54,0.55,1.25,2.49,1.2,99.0214,0.0,1.95,4.22
2017-01-31,196.98150634765625,11.608500003814697,93.52019500732422,87.13348388671875,85.44062805175781,54.1178092956543,115.5500030517578,243.618,4.7,0.65,0.56,1.26,2.43,1.21,98.7611,0.0,2.05,4.0
2017-02-28,204.72116088867188,11.530526361967388,95.0020980834961,87.49214172363281,86.56927490234375,54.94675064086914,119.2300033569336,244.006,4.6,0.66,0.57,1.14,2.42,1.2,98.3646,0.0,2.02,3.74
2017-03-31,204.97711181640625,11.897826111834982,94.37973022460938,87.49214172363281,86.31382751464844,54.86800384521485,118.72000122070312,243.892,4.4,0.79,0.82,1.13,2.48,1.31,99.0137,0.0,1.97,3.92
2017-04-30,207.01173400878903,13.136315847698011,95.86448669433594,87.88570404052734,87.3399429321289,55.31560516357422,120.7699966430664,244.193,4.4,0.9,0.83,1.01,2.3,1.24,100.0224,0.0,1.92,3.81
2017-05-31,209.9332733154297,10.862272782759232,97.67433166503906,87.8504409790039,88.50435638427734,55.8861083984375,120.62000274658205,244.004,4.4,0.91,0.83,0.93,2.3,1.3,100.1408,0.0,1.81,3.74
2017-06-30,211.27154541015625,10.513636328957297,98.44776916503906,87.08881378173828,88.92932891845703,55.960182189941406,118.0199966430664,244.163,4.3,1.04,1.06,0.93,2.19,1.34,100.3471,0.0,1.73,3.77
2017-07-31,215.6141357421875,10.264499998092651,97.79963684082033,87.49064636230469,89.61004638671875,56.53053283691406,120.75,244.243,4.3,1.15,1.07,0.96,2.32,1.37,100.1068,0.0,1.82,3.61
2017-08-31,216.24319458007807,11.97565215566884,101.1333465576172,88.39839172363281,90.21690368652344,56.56753540039063,125.81999969482422,245.183,4.4,1.16,1.07,0.79,2.21,1.34,99.6925,0.0,1.76,3.85
2017-09-30,220.6003875732422,10.437999963760376,98.78414916992188,87.77779388427734,90.17227172851562,56.9073371887207,121.58000183105467,246.435,4.3,1.15,1.06,0.86,2.2,1.38,99.7954,0.0,1.84,3.56
2017-10-31,225.798583984375,10.125454512509434,98.74605560302734,87.9850082397461,90.3460464477539,56.95563125610352,120.66999816894533,246.626,4.2,1.15,1.07,0.78,2.36,1.55,101.0247,0.0,1.88,3.51
2017-11-30,232.70030212402344,10.540476163228353,99.47987365722656,88.0609359741211,90.2346420288086,56.74617004394531,121.0999984741211,247.284,4.2,1.16,1.07,0.64,2.35,1.7,101.2664,0.0,1.86,3.61
2017-12-31,235.52247619628903,10.264500045776368,101.2830810546875,88.88467407226562,91.33589935302734,56.885623931884766,123.6500015258789,247.805,4.1,1.3,1.33,0.51,2.4,1.84,101.4644,0.0,1.96,3.63
2018-01-31,248.79641723632807,11.062381017775763,97.98573303222656,88.12893676757812,90.21634674072266,56.911712646484375,127.6500015258789,248.859,4.0,1.41,1.34,0.58,2.58,2.03,101.4625,0.0,2.11,3.29
2018-02-28,239.74996948242188,22.464736637316253,95.0055923461914,87.21792602539062,88.19807434082031,56.41809844970703,125.0,249.529,4.1,1.42,1.35,0.62,2.86,2.18,101.7085,0.0,2.12,3.47
2018-03-31,233.17840576171875,19.023809750874836,97.72239685058594,88.0985336303711,88.68914031982422,56.28726577758789,125.79000091552734,249.577,4.0,1.51,1.67,0.47,2.84,2.28,102.2067,0.0,2.05,3.72
2018-04-30,234.3833923339844,18.26761904216948,95.68179321289062,87.98292541503906,87.30030822753906,56.55720138549805,124.58999633789062,250.227,4.0,1.69,1.69,0.46,2.87,2.38,103.3329,0.0,2.17,3.46
2018-05-31,240.08108520507807,14.124545487490566,97.59967041015624,88.27249145507812,87.7554702758789,56.5856819152832,123.0999984741211,250.792,3.8,1.7,1.7,0.43,2.98,2.51,102.4024,0.0,2.07,3.63
2018-06-30,241.46176147460935,13.678095318022228,98.22994995117188,88.84394073486328,87.32786560058594,56.64165496826172,118.6500015258789,251.018,4.0,1.82,1.91,0.33,2.91,2.53,103.198,0.0,2.11,3.71
2018-07-31,250.4071502685547,13.147619065784273,96.81855010986328,88.37065124511719,88.5014419555664,57.59189987182617,115.98999786376952,251.214,3.8,1.91,1.91,0.29,2.89,2.61,103.3646,0.0,2.12,3.46
2018-08-31,258.3999938964844,12.546956518422002,98.0888214111328,88.94036102294922,88.51905059814453,57.99959182739258,113.51000213623048,251.663,3.8,1.91,1.91,0.24,2.89,2.64,104.0327,0.0,2.08,3.49
2018-09-30,259.9363098144531,12.910526325828151,95.2792739868164,88.07726287841797,88.39447021484375,58.30377960205078,112.76000213623048,252.182,3.7,1.95,2.18,0.24,3.0,2.77,104.1004,0.0,2.14,3.28
2018-10-31,241.97373962402344,19.352173639380414,92.48709869384766,86.73919677734375,86.5830307006836,57.15127944946289,115.1500015258789,252.772,3.8,2.19,2.2,0.28,3.15,2.86,103.9856,0.0,2.05,3.81
2018-11-30,246.4621124267578,19.389047622680664,94.1400146484375,87.15473937988281,86.27264404296875,56.92316055297852,115.54000091552734,252.594,3.8,2.2,2.2,0.21,3.12,2.86,104.0681,0.0,1.97,4.29
2018-12-31,224.7615203857422,24.953157726087067,99.65049743652344,87.61779022216797,87.87683868408203,55.73416519165039,121.25,252.767,3.9,2.27,2.4,0.21,2.83,2.68,104.0936,0.0,1.71,5.33
2019-01-31,242.7572326660156,19.57238079252697,100.0277328491211,88.86598205566406,90.83670043945312,58.48992156982422,124.75,252.561,4.0,2.4,2.4,0.18,2.71,2.54,103.4021,0.0,1.85,4.37
2019-02-28,250.62635803222656,15.234736844112998,98.65096282958984,88.71395111083984,90.65152740478516,59.200313568115234,123.98999786376952,253.319,3.8,2.4,2.4,0.21,2.68,2.5,102.8371,0.0,1.95,3.92
2019-03-31,255.16275024414065,14.485238075256348,104.14745330810548,90.46614074707033,93.30669403076172,59.96457290649414,122.01000213623048,254.277,3.8,2.41,2.43,0.14,2.57,2.41,102.8757,0.0,1.88,4.05
2019-04-30,265.5868530273437,12.949047588166737,102.07378387451172,90.66615295410156,93.71389770507812,60.55592727661133,121.1999969482422,255.233,3.7,2.42,2.45,0.24,2.53,2.34,102.274,0.0,1.95,3.73
2019-05-31,248.6501007080078,16.721818056973543,109.05487823486328,92.25482940673828,95.26070404052734,59.38499069213867,123.33000183105467,255.296,3.6,2.39,2.4,0.19,2.4,2.21,102.392,0.0,1.74,4.59
2019-06-30,265.9527587890625,15.835999870300293,110.0910415649414,92.94615936279295,98.35357666015624,61.25826644897461,133.1999969482422,255.213,3.6,2.38,2.4,0.25,2.07,1.81,102.4375,0.0,1.69,4.07
2019-07-31,269.9737854003906,13.30590907010165,110.37340545654295,93.23905181884766,98.60340881347656,61.35427474975586,133.2100067138672,255.802,3.7,2.4,2.4,0.13,2.06,1.84,101.9408,0.0,1.76,3.93
2019-08-31,265.4534912109375,18.979090907356955,122.56871795654295,95.41249084472656,102.43516540527344,61.77743911743164,143.75,256.036,3.6,2.13,2.13,0.0,1.63,1.57,102.639,0.0,1.55,4.13
2019-09-30,270.6186828613281,15.558999872207641,119.28398895263672,94.35689544677734,101.66079711914062,62.0485954284668,138.8699951171875,256.43,3.5,2.04,1.9,0.05,1.7,1.65,102.2917,0.0,1.53,4.02
2019-10-31,276.6006164550781,15.466521760691768,117.9561004638672,94.3292465209961,102.1133804321289,62.04147338867188,142.42999267578125,257.155,3.6,1.83,1.58,0.17,1.71,1.55,101.4281,0.0,1.54,4.15
2019-11-30,286.6130065917969,12.523499965667725,117.47588348388672,94.60565185546876,102.59842681884766,62.39385986328125,137.86000061035156,257.879,3.6,1.55,1.56,0.17,1.81,1.61,101.9372,0.0,1.61,4.02
2019-12-31,294.94073486328125,13.756666637602306,113.7195816040039,94.93363189697266,103.13949584960938,63.586368560791016,142.89999389648438,258.63,3.6,1.55,1.55,0.34,1.86,1.61,101.7003,0.0,1.77,3.6
2020-01-31,294.82159423828125,13.94095243726458,122.46589660644533,96.9614486694336,105.66233825683594,63.28990173339844,149.3300018310547,259.127,3.6,1.55,1.59,0.18,1.76,1.52,101.0338,0.0,1.65,4.03
2020-02-29,271.4818725585937,19.628947358382376,130.58116149902344,97.85578155517578,106.81552124023438,62.47377014160156,148.3800048828125,259.25,3.5,1.58,1.58,0.27,1.5,1.33,101.3735,0.0,1.41,5.06
2020-03-31,237.5815277099609,57.7368184002963,138.90789794921875,96.13557434082033,100.07349395751952,56.20888519287109,148.0500030517578,258.076,4.4,0.65,0.08,0.47,0.87,0.45,97.4078,1.0,0.87,8.77
2020-04-30,267.75048828125,41.45380964733305,140.60105895996094,99.04717254638672,104.92284393310548,58.95392227172852,158.8000030517578,256.032,14.8,0.05,0.05,0.44,0.66,0.22,84.5619,1.0,1.07,7.63
2020-05-31,280.5075988769531,30.89700002670288,138.123779296875,99.69212341308594,107.50415802001952,60.69100570678711,162.91000366210938,255.802,13.2,0.05,0.05,0.49,0.67,0.17,85.9604,0.0,1.15,6.54
2020-06-30,285.4821472167969,31.11954550309615,138.5887908935547,100.67430877685548,109.79143524169922,60.33689498901367,167.3699951171875,257.042,11.0,0.08,0.08,0.5,0.73,0.19,91.5934,0.0,1.34,6.44
2020-07-31,302.2947998046875,26.840454621748492,144.73538208007812,103.01520538330078,113.19506072998048,63.39022445678711,185.42999267578125,258.352,10.2,0.09,0.1,0.44,0.62,0.15,95.0256,0.0,1.55,5.16
2020-08-31,323.3940734863281,22.88952382405599,137.43124389648438,103.9319076538086,111.18209838867188,63.37606430053711,184.8300018310547,259.316,8.4,0.1,0.09,0.58,0.65,0.14,95.9549,0.0,1.8,5.02
2020-09-30,311.2850341796875,27.647619065784273,138.4941864013672,103.5390396118164,110.69319915771484,62.78563690185547,177.1199951171875,259.997,7.8,0.09,0.09,0.56,0.68,0.13,95.9669,0.0,1.63,5.41
2020-10-31,303.5235595703125,29.438636086203836,133.80589294433594,102.83853149414062,110.12828063964844,63.03888320922852,176.1999969482422,260.319,6.9,0.09,0.09,0.74,0.79,0.15,96.7394,0.0,1.7,5.32
2020-11-30,336.5399169921875,24.995500087738037,136.03219604492188,104.08007049560548,114.28176879882812,65.1514892578125,166.6699981689453,260.911,6.7,0.09,0.09,0.68,0.87,0.17,97.0816,0.0,1.77,4.33
2020-12-31,349.00811767578125,22.374090974981133,134.3622589111328,105.22244262695312,114.45393371582033,66.4271011352539,178.36000061035156,262.045,6.7,0.09,0.09,0.8,0.93,0.14,98.363,0.0,1.99,3.86
2021-01-31,345.4515686035156,24.90999984741211,129.48117065429688,105.50271606445312,112.35762786865234,66.17604064941406,172.61000061035156,262.639,6.4,0.09,0.07,1.0,1.08,0.13,98.8822,0.0,2.13,3.84
2021-02-28,355.0570678710937,23.140526219418174,122.0580825805664,103.72220611572266,109.81461334228516,66.01410675048828,161.80999755859375,263.573,6.2,0.08,0.07,1.3,1.26,0.12,95.6149,0.0,2.15,3.57
2021-03-31,371.1763916015625,21.843043534652047,115.65583801269533,103.45018768310548,108.19154357910156,66.8165283203125,159.9600067138672,264.847,6.1,0.07,0.06,1.58,1.61,0.15,98.3856,0.0,2.37,3.36
2021-04-30,390.81549072265625,17.416190556117467,118.5415496826172,104.92921447753906,109.32013702392578,67.24258422851562,165.66000366210938,266.625,6.1,0.07,0.05,1.49,1.64,0.16,98.5587,0.0,2.41,3.28
2021-05-31,393.3816223144531,19.7604998588562,118.54407501220705,106.00360870361328,110.00081634521484,67.268798828125,178.3800048828125,268.404,5.8,0.06,0.05,1.44,1.62,0.16,99.4333,0.0,2.42,3.34
2021-06-30,402.20416259765625,16.956818147139117,123.7826919555664,106.7718276977539,112.43342590332033,68.15992736816406,165.6300048828125,270.71,5.9,0.08,0.08,1.2,1.52,0.2,99.7987,0.0,2.32,3.04
2021-07-31,412.0230102539063,17.60333351861863,128.38328552246094,109.62879180908205,114.02883911132812,68.23137664794922,169.82000732421875,271.965,5.4,0.1,0.07,1.05,1.32,0.22,100.2519,0.0,2.4,3.32
2021-08-31,424.2846374511719,17.47772723978216,127.946533203125,109.44891357421876,113.63664245605467,68.64674377441406,169.69000244140625,272.752,5.1,0.09,0.06,1.1,1.28,0.22,100.0437,0.0,2.33,3.21
2021-09-30,404.51068115234375,19.8247617994036,124.22710418701172,108.5950698852539,111.92364501953124,68.39269256591797,164.22000122070312,273.942,4.7,0.08,0.06,1.24,1.37,0.24,98.8579,0.0,2.37,3.15
2021-10-31,432.8926086425781,17.869047573634557,127.28933715820312,109.79998016357422,112.51795959472656,68.18013000488281,166.64999389648438,276.528,4.5,0.08,0.07,1.07,1.58,0.39,100.1861,0.0,2.51,3.15
2021-11-30,429.4144287109375,18.500476246788388,130.817138671875,110.74983978271484,112.38452911376952,67.38309478759766,165.5,278.824,4.1,0.08,0.07,0.91,1.56,0.51,100.8654,0.0,2.5,3.67
2021-12-31,449.2738952636719,21.354545506564055,128.18270874023438,111.1960678100586,112.34613037109376,68.92220306396484,170.9600067138672,280.806,3.9,0.08,0.07,0.79,1.47,0.68,100.5726,0.0,2.56,3.1
2022-01-31,425.5785827636719,23.18100004196167,123.16582489013672,108.90674591064452,108.3107452392578,67.0924072265625,168.08999633789062,282.542,4.0,0.08,0.08,0.61,1.76,0.98,100.1856,0.0,2.44,3.63
2022-02-28,413.016845703125,25.74842111687911,121.1545181274414,109.83861541748048,106.00216674804688,66.51602172851562,178.3800048828125,284.525,3.9,0.08,0.08,0.39,1.93,1.44,100.8064,0.0,2.62,3.77
2022-03-31,428.542236328125,26.968695682028066,114.55835723876952,107.77854919433594,102.93475341796876,65.65989685058594,180.6499938964844,287.467,3.7,0.2,0.33,0.04,2.13,1.91,101.3907,0.0,2.84,3.43
2022-04-30,390.9294738769531,24.37350015640259,103.76256561279295,105.42572021484376,96.0388641357422,62.91510772705078,176.91000366210938,288.582,3.7,0.33,0.33,0.19,2.75,2.54,101.44,0.0,2.88,3.97
2022-05-31,391.81195068359375,29.445714587257022,101.42446899414062,104.37963104248048,97.82889556884766,63.94057083129883,171.13999938964844,291.299,3.6,0.77,0.83,0.32,2.9,2.62,101.3335,0.0,2.64,4.22
2022-06-30,359.5029296875,28.100000018165225,100.13175964355467,101.12767028808594,94.28473663330078,59.432838439941406,168.4600067138672,295.072,3.6,1.21,1.58,0.06,3.14,3.0,101.018,0.0,2.33,5.87
2022-07-31,392.6086730957031,24.86850004196167,102.56597137451172,105.48614501953124,98.47520446777344,63.41419219970703,164.10000610351562,294.94,3.5,1.68,2.32,-0.22,2.9,3.04,101.223,0.0,2.53,4.83
2022-08-31,376.5894775390625,22.169565366662066,97.8960189819336,102.63355255126952,94.11357879638672,60.68174362182617,159.27000427246094,295.162,3.6,2.33,2.33,-0.3,2.9,3.25,101.0963,0.0,2.48,5.03
2022-09-30,341.775390625,27.406190418061755,89.83419036865234,95.72390747070312,88.48574829101562,58.41203308105469,154.6699981689453,296.421,3.5,2.56,3.08,-0.39,3.52,3.86,101.2918,0.0,2.15,5.43
2022-10-31,369.55322265625,30.005714416503906,84.47610473632812,97.08355712890624,87.82627868652344,60.37803649902344,151.91000366210938,297.979,3.6,3.08,3.08,-0.41,3.98,4.38,101.2529,0.0,2.52,4.63
2022-11-30,390.0972900390625,23.436190650576638,90.51702880859376,98.86297607421876,93.66465759277344,62.44980239868164,164.80999755859375,298.708,3.6,3.78,3.83,-0.7,3.89,4.5,100.9552,0.0,2.34,4.55
2022-12-31,367.6167297363281,21.784285681588308,88.14546203613281,97.56062316894533,92.21182250976562,61.35258865356445,169.63999938964844,298.808,3.5,4.1,4.33,-0.53,3.62,4.29,99.7664,0.0,2.3,4.81
2023-01-31,390.735107421875,20.202999973297118,94.88298797607422,99.58625030517578,96.96980285644533,63.60237884521485,179.41000366210938,300.456,3.5,4.33,4.33,-0.69,3.53,4.21,100.505,0.0,2.24,4.3
2023-02-28,380.9110107421875,20.06210537960655,90.28064727783205,98.23888397216795,92.92705535888672,62.40338516235352,169.77999877929688,301.476,3.6,4.57,4.57,-0.89,3.75,4.53,100.6416,0.0,2.43,4.22
2023-03-31,395.0343627929688,21.644347895746645,94.6496124267578,101.05277252197266,96.50334167480467,63.64165878295898,183.22000122070312,301.643,3.5,4.65,4.83,-0.58,3.66,4.3,101.0205,0.0,2.32,4.58
2023-04-30,401.344970703125,17.8178946344476,94.96988677978516,101.10508728027344,97.0862045288086,63.77031707763672,184.8000030517578,302.858,3.4,4.83,4.83,-0.6,3.46,4.02,101.253,0.0,2.18,4.53
2023-05-31,403.19769287109375,17.64409099925648,92.1062469482422,99.89582061767578,95.36883544921876,62.985008239746094,182.32000732421875,303.316,3.6,5.06,5.08,-0.76,3.57,4.13,100.9286,0.0,2.18,4.69
2023-06-30,429.3248291015625,13.994285628909157,92.30621337890624,99.55631256103516,96.14142608642578,64.10623931884766,178.27000427246094,304.099,3.6,5.08,5.08,-1.06,3.75,4.64,100.1196,0.0,2.22,4.05
2023-07-31,443.3780517578125,13.943999910354615,89.95770263671875,99.59717559814452,96.19316864013672,64.82142639160156,182.3500061035156,304.615,3.5,5.12,5.33,-0.91,3.9,4.83,100.9067,0.0,2.37,3.79
2023-08-31,436.1722717285156,15.853912975477135,87.13117218017578,98.7878646850586,95.01087188720705,64.94048309326172,180.02000427246094,306.138,3.7,5.33,5.33,-0.76,4.17,4.9,100.8393,0.0,2.24,3.85
2023-09-30,415.4826354980469,15.241000032424926,80.20323944091797,96.8942642211914,91.631103515625,63.89264297485352,171.4499969482422,307.374,3.7,5.33,5.33,-0.44,4.38,5.02,101.0211,0.0,2.35,4.03
2023-10-31,406.463134765625,18.887727303938433,75.82160186767578,96.1933822631836,89.42102813720703,63.22613906860352,184.08999633789065,307.653,3.9,5.33,5.33,-0.19,4.8,5.07,100.4689,0.0,2.42,4.42
2023-11-30,443.5910034179688,14.077142897106352,83.34603881835938,98.864501953125,96.19416046142578,66.31639862060547,188.75,308.087,3.7,5.33,5.33,-0.36,4.5,4.88,100.8639,0.0,2.23,3.84
2023-12-31,463.8433227539063,12.718499994277954,90.58526611328124,101.27266693115234,100.88389587402344,68.43360900878906,191.1699981689453,308.735,3.8,5.33,5.33,-0.35,4.02,4.46,100.6031,0.0,2.16,3.39
2024-01-31,471.2306823730469,13.395238149733771,88.551513671875,101.6118392944336,100.43719482421876,68.51318359375,188.4499969482422,309.794,3.7,5.33,5.33,-0.28,4.06,4.32,99.2223,0.0,2.26,3.59
2024-02-29,495.8227233886719,13.944000101089477,86.55713653564453,100.54717254638672,98.49674224853516,68.72113037109375,189.30999755859372,311.022,3.9,5.33,5.33,-0.39,4.21,4.54,100.285,0.0,2.33,3.29
2024-03-31,512.0371704101562,13.787499904632568,87.23477935791016,101.1972885131836,100.01457977294922,69.47008514404297,205.72000122070312,312.107,3.9,5.33,5.33,-0.39,4.21,4.59,100.4575,0.0,2.32,3.15
2024-04-30,491.3918762207031,16.137727087194268,81.60340118408203,99.4862289428711,96.77104949951172,68.53136444091797,211.8699951171875,313.016,3.9,5.33,5.33,-0.35,4.54,4.87,100.2434,0.0,2.41,3.18
2024-05-31,516.246337890625,13.090454535050826,83.9592514038086,101.25414276123048,98.91329193115234,69.65111541748047,215.3000030517578,313.14,3.9,5.33,5.33,-0.38,4.48,4.86,100.863,0.0,2.35,3.2
2024-06-30,534.4596557617188,12.676842037000155,85.48490905761719,102.02521514892578,99.5031280517578,69.98497009277344,215.00999450683597,313.131,4.1,5.33,5.33,-0.35,4.31,4.74,100.894,0.0,2.28,3.21
2024-07-31,540.9314575195312,14.470000050284646,88.58795928955078,103.7876205444336,102.12810516357422,71.63121032714844,226.5500030517578,313.566,4.2,5.33,5.33,-0.2,4.25,4.5,99.9757,0.0,2.24,3.25
2024-08-31,553.5706176757812,19.31227272207087,90.458251953125,104.61690521240234,104.03843688964844,72.7396240234375,231.2899932861328,314.131,4.2,5.33,5.33,0.0,3.87,3.97,100.4309,0.0,2.15,3.17
2024-09-30,565.1981201171875,17.768999814987183,92.26690673828124,106.18365478515624,106.0806121826172,73.9740982055664,243.05999755859372,314.851,4.1,5.13,4.83,0.15,3.72,3.62,99.8084,0.0,2.18,3.03
2024-10-31,560.1546020507812,19.96086958180303,87.23387145996094,104.22257232666016,102.70789337158205,73.26127624511719,253.50999450683597,315.564,4.1,4.83,4.83,0.12,4.1,3.97,99.4695,0.0,2.33,2.88
2024-11-30,593.5585327148438,16.121000051498413,88.9673843383789,104.74166107177734,104.54728698730467,74.46611022949219,245.58999633789065,316.449,4.2,4.64,4.58,0.05,4.36,4.26,99.2925,0.0,2.26,2.74
2024-12-31,579.2774047851562,15.866190592447916,83.29035186767578,102.94598388671876,101.74981689453124,73.88504791259766,242.1300048828125,317.603,4.1,4.48,4.33,0.33,4.39,4.23,100.3273,0.0,2.34,2.92
2025-01-31,594.8347778320312,16.74600019454956,83.70046997070312,104.35659790039062,102.34029388427734,74.8902359008789,258.5599975585937,319.086,4.0,4.33,4.33,0.36,4.63,4.27,100.0647,0.0,2.42,2.68
2025-02-28,587.283447265625,17.052105351498252,88.4689712524414,106.60774993896484,104.76710510253906,75.61685180664062,263.2699890136719,319.775,4.2,4.33,4.33,0.25,4.45,4.21,101.0993,0.0,2.38,2.87
2025-03-31,554.5604858398438,21.841428756713867,87.40318298339844,107.3323974609375,104.28257751464844,74.79578399658203,288.1400146484375,319.615,4.2,4.33,4.33,0.34,4.28,3.97,101.0404,0.0,2.38,3.55
2025-04-30,549.7523803710938,31.966190701439267,86.214111328125,107.4675521850586,104.00038146972656,74.88343811035156,303.7699890136719,320.321,4.2,4.33,4.33,0.57,4.28,3.78,101.1279,0.0,2.23,3.94
2025-05-31,584.3014526367188,20.457142784481956,83.44610595703125,106.7884750366211,104.21504974365234,76.19632720947266,303.6000061035156,320.58,4.3,4.33,4.33,0.52,4.42,3.92,100.9655,0.0,2.34,3.32
2025-06-30,614.3265380859375,18.21500015258789,85.66914367675781,107.7905502319336,106.38526916503906,77.59720611572266,304.8299865722656,321.5,4.1,4.33,4.33,0.52,4.38,3.89,101.4785,0.0,2.29,2.96
2025-07-31,628.4754028320312,16.331363461234353,84.69280242919922,107.80037689208984,106.28980255126952,77.70257568359375,302.9599914550781,322.132,4.3,4.33,4.33,0.43,4.39,3.88,101.894,0.0,2.39,2.86
2025-08-31,641.3713989257812,15.749999954586936,84.70356750488281,109.53849792480467,107.39901733398438,78.56145477294922,318.07000732421875,323.364,4.3,4.33,4.33,0.64,4.26,3.7,101.5867,0.0,2.41,2.84
2025-09-30,664.21728515625,15.773333458673386,87.74524688720703,110.00038146972656,109.4151382446289,79.25748443603516,355.4700012207031,324.368,4.4,4.22,4.09,0.56,4.12,3.57,101.7779,0.0,2.36,2.8
2025-10-31,680.050537109375,18.086521770643152,88.95709228515625,110.35508728027344,109.57867431640624,79.24864959716797,368.1199951171875,,,4.09,3.86,0.51,4.06,3.52,101.5163,0.0,2.3,2.94
2025-11-30,681.3765869140625,19.904210642764443,89.19934844970703,110.59465026855467,110.59903717041016,79.84013366699219,387.8800048828125,325.031,4.5,3.88,3.89,0.55,4.09,3.55,101.9528,0.0,2.23,2.92
2025-12-31,681.9199829101562,15.548181880604137,86.82788848876953,109.91000366210938,109.78340911865234,80.23340606689453,396.30999755859375,326.03,4.4,3.72,3.64,0.71,4.14,3.5,102.325,0.0,2.25,2.81
2026-01-31,691.969970703125,16.04599995613098,86.7979965209961,110.4800033569336,110.16200256347656,80.72100067138672,444.9500122070313,,,3.64,3.64,0.74,4.21,3.54,,0.0,2.36,2.88
2026-02-28,693.9500122070312,18.74666690826416,87.5199966430664,110.76000213623048,110.55999755859376,80.91999816894531,467.0299987792969,,,,3.64,0.74,,,,,2.35,2.87
