date,SPY,VIX,TLT,TIP,LQD,HYG,GLD
1990-01-31,,23.34727278622714,,,,,
1990-02-28,,23.262631767674495,,,,,
1990-03-31,,20.06227259202437,,,,,
1990-04-30,,21.40349998474121,,,,,
1990-05-31,,18.09772725538774,,,,,
1990-06-30,,16.822380837940035,,,,,
1990-07-31,,18.39285727909633,,,,,
1990-08-31,,28.175217255302098,,,,,
1990-09-30,,29.10736836885151,,,,,
1990-10-31,,29.625652479088824,,,,,
1990-11-30,,24.885714394705637,,,,,
1990-12-31,,23.363000106811523,,,,,
1991-01-31,,27.429091106761586,,,,,
1991-02-28,,21.598421096801758,,,,,
1991-03-31,,17.918499851226805,,,,,
1991-04-30,,17.37272735075517,,,,,
1991-05-31,,16.932272737676445,,,,,
1991-06-30,,17.13499994277954,,,,,
1991-07-31,,17.294090964577414,,,,,
1991-08-31,,15.681363712657582,,,,,
1991-09-30,,16.956499767303466,,,,,
1991-10-31,,16.36391299703847,,,,,
1991-11-30,,17.77350010871887,,,,,
1991-12-31,,18.347619102114724,,,,,
1992-01-31,,17.68318167599765,,,,,
1992-02-29,,17.47736850537752,,,,,
1992-03-31,,17.520454623482443,,,,,
1992-04-30,,16.562856946672714,,,,,
1992-05-31,,15.076999950408936,,,,,
1992-06-30,,15.203181873668324,,,,,
1992-07-31,,13.601818214763295,,,,,
1992-08-31,,14.42190474555606,,,,,
1992-09-30,,13.696666581290108,,,,,
1992-10-31,,17.636818278919566,,,,,
1992-11-30,,14.424499940872192,,,,,
1992-12-31,,12.19136363809759,,,,,
1993-01-31,24.24140739440918,12.408999967575074,,,,,
1993-02-28,24.50003242492676,13.721578949376157,,,,,
1993-03-31,25.048803329467773,13.606086855349334,,,,,
1993-04-30,24.407865524291992,12.840952419099354,,,,,
1993-05-31,25.06612777709961,13.6060001373291,,,,,
1993-06-30,25.15654754638672,12.52409081025557,,,,,
1993-07-31,25.034446716308597,11.500476201375326,,,,,
1993-08-31,25.993932723999023,11.928636420856822,,,,,
1993-09-30,25.804805755615234,12.931428409758068,,,,,
1993-10-31,26.31388664245605,11.875238100687662,,,,,
1993-11-30,26.033021926879883,14.083809534708658,,,,,
1993-12-31,26.352632522583008,11.356363556601785,,,,,
1994-01-31,27.27169418334961,11.290476163228353,,,,,
1994-02-28,26.476362228393555,13.644210464075991,,,,,
1994-03-31,25.366945266723636,15.223478317260742,,,,,
1994-04-30,25.651382446289062,16.471052671733656,,,,,
1994-05-31,26.06023597717285,13.897142818995885,,,,,
1994-06-30,25.463098526000977,13.408636353232644,,,,,
1994-07-31,26.286191940307617,12.48449993133545,,,,,
1994-08-31,27.288265228271484,11.889130467953889,,,,,
1994-09-30,26.59911727905273,13.23333336058117,,,,,
1994-10-31,27.355226516723636,15.245238031659808,,,,,
1994-11-30,26.26605033874512,16.38380949837821,,,,,
1994-12-31,26.45733642578125,14.177142824445452,,,,,
1995-01-31,27.34650993347168,12.274285679771786,,,,,
1995-02-28,28.462507247924805,11.470000016061883,,,,,
1995-03-31,29.25512313842773,12.166521735813307,,,,,
1995-04-30,30.121746063232425,12.442631570916427,,,,,
1995-05-31,31.31674194335937,12.265909194946289,,,,,
1995-06-30,31.950271606445312,11.89681811766191,,,,,
1995-07-31,32.97796630859375,12.514000129699706,,,,,
1995-08-31,33.12476348876953,12.79826085463814,,,,,
1995-09-30,34.52848815917969,12.057000017166137,,,,,
1995-10-31,34.42702865600586,14.357272711667148,,,,,
1995-11-30,35.95833969116211,12.469047546386719,,,,,
1995-12-31,36.52407455444336,11.74849991798401,,,,,
1996-01-31,37.82352828979492,13.473636237057773,,,,,
1996-02-29,37.944183349609375,15.032999801635743,,,,,
1996-03-31,38.5975227355957,17.762380781627837,,,,,
1996-04-30,39.01704025268555,16.575238000778924,,,,,
1996-05-31,39.90274810791016,16.14636369185014,,,,,
1996-06-30,40.2547721862793,16.395000171661376,,,,,
1996-07-31,38.44588851928711,17.97863635149869,,,,,
1996-08-31,39.186302185058594,15.760454698042436,,,,,
1996-09-30,41.375755310058594,16.578000020980834,,,,,
1996-10-31,42.71348571777344,16.381739201753035,,,,,
1996-11-30,45.83173751831055,15.996999740600586,,,,,
1996-12-31,44.74105072021485,19.260952449980238,,,,,
1997-01-31,47.50542068481445,19.473181551153008,,,,,
1997-02-28,47.95983505249024,20.139473563746403,,,,,
1997-03-31,45.843711853027344,20.169999980926512,,,,,
1997-04-30,48.71366500854492,19.662272626703437,,,,,
1997-05-31,51.79273986816406,19.9247620900472,,,,,
1997-06-30,53.92154693603516,20.194285983131046,,,,,
1997-07-31,58.19558334350586,20.529090881347656,,,,,
1997-08-31,55.18090057373047,23.084762028285436,,,,,
1997-09-30,57.83454513549805,23.812380836123513,,,,,
1997-10-31,56.41743469238281,23.870869760927945,,,,,
1997-11-30,58.60059356689453,32.034737034847865,,,,,
1997-12-31,59.71818542480469,26.276363719593395,,,,,
1998-01-31,60.48727035522461,23.866499996185304,,,,,
1998-02-28,64.67866516113281,19.99894724394146,,,,,
1998-03-31,67.83393096923828,20.158636353232644,,,,,
1998-04-30,68.70161437988281,22.028571446736652,,,,,
1998-05-31,67.2748031616211,20.873999786376952,,,,,
1998-06-30,70.13887786865234,21.662727269259367,,,,,
1998-07-31,69.19105529785156,19.929999871687457,,,,,
1998-08-31,59.42266082763672,31.58809498378209,,,,,
1998-09-30,63.20431518554688,38.204762231735955,,,,,
1998-10-31,68.32898712158203,36.608181953430176,,,,,
1998-11-30,72.13365936279297,26.223000144958498,,,,,
1998-12-31,76.8528060913086,25.479090777310457,,,,,
1999-01-31,79.55998229980469,28.03526316191021,,,,,
1999-02-28,77.00860595703125,28.82263153477719,,,,,
1999-03-31,80.2020034790039,25.309565419736117,,,,,
1999-04-30,83.2476577758789,23.478571483067103,,,,,
1999-05-31,81.3441162109375,26.204500198364258,,,,,
1999-06-30,85.848876953125,23.626363667574797,,,,,
1999-07-31,83.18563842773438,21.049047470092773,,,,,
1999-08-31,82.75481414794922,24.323636228388008,,,,,
1999-09-30,80.90633392333984,24.541428611392067,,,,,
1999-10-31,86.09059143066406,24.021428516932897,,,,,
1999-11-30,87.5241470336914,21.81809525262742,,,,,
1999-12-31,92.52257537841795,22.15909090909091,,,,,
2000-01-31,87.9161376953125,23.201999855041503,,,,,
2000-02-29,86.57752990722656,23.595500183105468,,,,,
2000-03-31,94.96813201904295,22.718260806539785,,,,,
2000-04-30,91.63279724121094,27.16421077125951,,,,,
2000-05-31,90.19210052490234,26.373181863264605,,,,,
2000-06-30,91.96725463867188,21.539999961853027,,,,,
2000-07-31,90.52316284179688,19.89300012588501,,,,,
2000-08-31,96.43802642822266,18.08869569197945,,,,,
2000-09-30,91.1472396850586,19.6875,,,,,
2000-10-31,90.72083282470705,25.200000069358133,,,,,
2000-11-30,83.94830322265625,26.382857095627557,,,,,
2000-12-31,83.50948333740234,26.530499839782713,,,,,
2001-01-31,87.22225189208984,24.91857147216797,,,,,
2001-02-28,78.90233612060547,23.411579132080078,,,,,
2001-03-31,74.48086547851562,28.496818369085137,,,,,
2001-04-30,80.84452056884766,28.13399991989136,,,,,
2001-05-31,80.39136505126953,22.944090929898348,,,,,
2001-06-30,78.47570037841797,20.94047619047619,,,,,
2001-07-31,77.6755599975586,22.31619053795224,,,,,
2001-08-31,73.06684112548828,21.86173903423807,,,,,
2001-09-30,67.1023941040039,35.065333429972334,,,,,
2001-10-31,67.9761734008789,32.721304603244945,,,,,
2001-11-30,73.27679443359375,26.63095238095238,,,,,
2001-12-31,73.69001770019531,23.720000076293946,,,,,
2002-01-31,72.96792602539062,22.252857208251953,,,,,
2002-02-28,71.65917205810547,22.875789843107526,,,,,
2002-03-31,74.04335021972656,18.98499994277954,,,,,
2002-04-30,69.7372817993164,19.900454607876863,,,,,
2002-05-31,69.323486328125,20.08772711320357,,,,,
2002-06-30,64.20692443847656,25.270999908447266,,,,,
2002-07-31,59.14613723754883,34.049544941295274,36.96099090576172,,37.613014221191406,,
2002-08-31,59.54840469360352,33.742727366360754,38.99871063232422,,38.98119354248047,,
2002-09-30,53.30462646484375,37.6475004196167,40.65972137451172,,39.79645156860352,,
2002-10-31,57.690731048583984,35.243043484895125,39.157596588134766,,39.553367614746094,,
2002-11-30,61.2491455078125,28.174999713897705,38.79888916015625,,39.836524963378906,,
2002-12-31,57.78428268432617,28.21047628493536,40.5546760559082,,41.40127182006836,,
2003-01-31,56.36310958862305,27.424285707019624,40.32115936279297,,41.06536483764648,,
2003-02-28,55.6033821105957,32.218421032554225,41.57006072998047,,41.87836456298828,,
2003-03-31,55.72237014770508,30.634285699753534,41.00275802612305,,41.92893981933594,,
2003-04-30,60.4371452331543,23.991904758271716,41.432613372802734,,42.91755294799805,,
2003-05-31,63.75123596191406,20.23952375139509,44.05098342895508,,44.5936393737793,,
2003-06-30,64.43030548095703,20.362380799793062,43.25509643554688,,44.51324081420898,,
2003-07-31,65.59184265136719,19.16136360168457,38.93788528442383,,41.92877578735352,,
2003-08-31,66.94473266601562,19.27428572518485,39.44623565673828,,42.53706741333008,,
2003-09-30,66.2146224975586,19.53238096691313,41.78707885742188,,44.46720123291016,,
2003-10-31,69.75885772705078,18.0234783006751,40.52042770385742,,43.90552520751953,,
2003-11-30,70.52069854736328,17.401052575362357,40.657981872558594,,44.0404052734375,,
2003-12-31,74.06880187988281,16.826363650235262,41.20418930053711,51.00555419921875,45.17311096191406,,
2004-01-31,75.53314971923828,16.100999975204466,41.97088623046875,51.62736892700195,45.72462844848633,,
2004-02-29,76.55818939208984,15.998421167072497,42.92862319946289,52.73563766479492,46.413673400878906,,
2004-03-31,75.54411315917969,17.687391198199727,43.534366607666016,53.61319732666016,46.87277603149414,,
2004-04-30,74.11471557617188,15.6985715230306,40.81984329223633,51.02806854248047,45.050537109375,,
2004-05-31,75.3838119506836,17.704999876022338,40.71450424194336,52.05859375,44.81485748291016,,
2004-06-30,76.77850341796875,15.35714290255592,41.14342498779297,51.98512649536133,44.87151336669922,,
2004-07-31,74.30482482910156,15.502380916050502,41.77356719970703,52.40614318847656,45.57259368896485,,
2004-08-31,74.48585510253906,16.684090744365346,43.513710021972656,53.816802978515625,46.976661682128906,,
2004-09-30,75.23344421386719,14.08095241728283,43.926876068115234,53.86125946044922,47.12297439575195,,
2004-10-31,76.20281219482422,14.973809560139975,44.70204162597656,54.45061492919922,47.6804084777832,,
2004-11-30,79.59516143798828,13.577142897106352,43.63105392456055,54.27351379394531,47.0987663269043,,45.119998931884766
2004-12-31,81.99264526367188,12.459545438939875,44.7911491394043,55.228153228759766,47.75389862060547,,43.79999923706055
2005-01-31,80.15433502197266,13.43799991607666,46.38957214355469,55.233360290527344,48.34050369262695,,42.220001220703125
2005-02-28,81.829833984375,11.708947482861971,45.70663070678711,54.941673278808594,47.887916564941406,,43.52999877929688
2005-03-31,80.33294677734375,13.126363667574795,45.49882125854492,55.06190490722656,47.283451080322266,,42.81999969482422
2005-04-30,78.82787322998047,14.459047589983259,47.25745391845703,56.04066467285156,48.05019760131836,,43.34999847412109
2005-05-31,81.36811828613281,13.967618987673806,48.74020004272461,56.466407775878906,48.34938049316406,,41.650001525878906
2005-06-30,81.4913558959961,11.868636348030783,49.79533004760742,56.75861740112305,48.93922424316406,,43.43999862670898
2005-07-31,84.60933685302734,11.049000024795532,48.11186218261719,55.35593032836914,48.534698486328125,,42.81999969482422
2005-08-31,83.81616973876953,12.951304394265879,49.78443145751953,56.75700378417969,49.26424789428711,,43.400001525878906
2005-09-30,84.48886108398438,12.628095263526554,47.98576736450195,56.66925811767578,48.34749984741211,,46.70000076293945
2005-10-31,82.49059295654297,14.937618982224237,46.91044616699219,55.925819396972656,47.58275604248047,,46.400001525878906
2005-11-30,86.11627960205078,12.147619111197335,47.2342643737793,56.02450942993164,47.895320892333984,,49.09999847412109
2005-12-31,85.95149993896484,11.260000001816522,48.642608642578125,56.60353469848633,48.30767440795898,,51.58000183105469
2006-01-31,88.0155029296875,12.03600001335144,47.991580963134766,56.620059967041016,48.09687805175781,,56.70000076293945
2006-02-28,88.51946258544922,12.47105262154027,48.52331161499024,56.620059967041016,48.42515563964844,,56.06999969482422
2006-03-31,89.98037719726562,11.693913003672725,46.30583572387695,55.408973693847656,47.60992813110352,,58.09999847412109
2006-04-30,91.1169662475586,11.847368441129985,45.03135299682617,55.27892303466797,47.51367568969727,,65.08999633789062
2006-05-31,88.3724594116211,14.454545411196621,44.94535446166992,55.442970275878906,47.42338180541992,,64.2300033569336
2006-06-30,88.6029281616211,16.91863627867265,45.4749870300293,55.6800651550293,47.38263320922852,,61.22999954223633
2006-07-31,88.99974822998047,15.325999879837036,46.458740234375,56.52134323120117,48.07391357421875,,63.15999984741211
2006-08-31,90.9419403076172,13.351739137069039,47.878562927246094,57.46118927001953,49.143836975097656,,62.290000915527344
2006-09-30,93.3975067138672,12.184499979019165,48.79539489746094,57.52492904663086,49.5726432800293,,59.470001220703125
2006-10-31,96.3411102294922,11.306363625959916,49.20851516723633,57.48261260986328,50.069034576416016,,60.2400016784668
2006-11-30,98.25687408447266,10.817619051252093,50.3443717956543,58.09907913208008,50.800689697265625,,64.38999938964844
2006-12-31,99.57069396972656,10.964500045776367,48.98723983764648,56.76051712036133,50.34547805786133,,63.209999084472656
2007-01-31,101.06822967529295,11.042500066757203,48.49971771240234,56.89262390136719,50.39265441894531,,64.83000183105469
2007-02-28,99.08553314208984,11.155263097662674,50.143367767333984,58.01860046386719,51.40080261230469,,66.4800033569336
2007-03-31,100.2338638305664,15.162727269259365,49.29074478149414,58.20759201049805,51.0538330078125,,65.73999786376953
2007-04-30,104.67377471923828,12.93299994468689,49.73686981201172,58.59441375732422,51.50900268554688,32.72554397583008,67.08999633789062
2007-05-31,108.22429656982422,13.297727324745871,48.58605194091797,57.82594299316406,50.87504577636719,32.84769058227539,65.54000091552734
2007-06-30,106.64198303222656,14.947618938627697,48.093631744384766,57.70176696777344,50.46297836303711,31.812156677246094,64.2699966430664
2007-07-31,103.30303955078124,17.273333277021134,49.68991088867188,59.02936172485352,50.04705429077149,30.57779693603516,65.79000091552734
2007-08-31,104.6287078857422,25.026086724322774,50.57820892333984,59.514625549316406,51.24129486083984,32.166038513183594,66.5199966430664
2007-09-30,108.67930603027344,22.19894740456029,50.693603515625,60.27672576904297,51.61708068847656,33.10603332519531,73.51000213623047
2007-10-31,110.1537094116211,19.115652084350586,51.6142807006836,60.9796257019043,52.11503219604492,33.26457977294922,78.62000274658203
2007-11-30,105.8871841430664,25.582380930582683,54.37630081176758,63.49074172973633,52.646366119384766,32.89057540893555,77.31999969482422
2007-12-31,104.6948471069336,21.651000022888184,54.034950256347656,63.53032302856445,52.22342300415039,32.863460540771484,82.45999908447266
2008-01-31,98.3648681640625,25.816190719604492,55.167457580566406,65.80008697509766,53.56333541870117,32.26309967041016,91.4000015258789
2008-02-29,95.8228988647461,25.456000137329102,54.916263580322266,66.7362289428711,53.18502807617188,31.659971237182617,96.18000030517578
2008-03-31,94.96600341796876,27.103500080108642,56.09088134765625,66.64288330078125,52.86743927001953,31.95952796936035,90.41000366210938
2008-04-30,99.49230194091795,21.562727321277965,54.69626998901367,65.71005249023438,53.52545547485352,33.04513931274414,86.6500015258789
2008-05-31,100.99628448486328,18.303333009992325,53.225887298583984,65.7802734375,52.345096588134766,32.877132415771484,87.44999694824219
2008-06-30,92.55538940429688,22.11047617594401,54.63831329345703,66.95742797851562,51.66898727416992,31.66898727416992,91.4000015258789
2008-07-31,91.72373962402344,24.32136362249201,54.43760299682617,66.5492172241211,51.87059020996094,31.855892181396484,90.08000183105467
2008-08-31,93.14119720458984,20.695714133126394,55.92877197265625,67.0688705444336,51.94564437866211,31.569942474365234,81.70999908447266
2008-09-30,84.3697509765625,30.238571348644438,56.7542724609375,64.3713607788086,46.37166595458984,28.20585823059082,85.06999969482422
2008-10-31,70.43299865722656,61.1773912181025,55.698238372802734,59.16401672363281,45.471561431884766,24.976289749145508,71.33999633789062
2008-11-30,65.5304183959961,62.639473362972865,63.686134338378906,59.68281173706055,46.99657440185547,23.204036712646484,80.30999755859375
2008-12-31,66.17234802246094,52.405000166459516,72.38078308105469,63.56431198120117,53.48883819580078,27.09447479248047,86.5199966430664
2009-01-31,60.73866653442383,44.68300018310547,62.9200439453125,63.538700103759766,52.5259017944336,26.819976806640625,91.30999755859376
2009-02-28,54.21235275268555,45.57052592227333,61.9561767578125,62.14238357543945,49.79249954223633,24.214223861694336,92.62999725341795
2009-03-31,58.728816986083984,44.7954548922452,64.4637222290039,65.81250762939453,50.02742004394531,24.67606544494629,90.27999877929688
2009-04-30,64.56330871582031,38.063809349423366,59.9821891784668,64.63107299804688,51.4165153503418,28.092742919921875,87.2699966430664
2009-05-31,68.33726501464844,31.97799997329712,57.765872955322266,65.92152404785156,52.607757568359375,28.894895553588867,96.1999969482422
2009-06-30,68.29251861572266,29.140454725785688,58.19976425170898,66.05213928222656,54.12887191772461,29.86336708068848,91.18000030517578
2009-07-31,73.38749694824219,26.16272735595703,58.53501892089844,66.11022186279297,56.63643646240234,31.929630279541016,93.3499984741211
2009-08-31,76.0984115600586,25.33714285350981,59.84086990356445,66.66641235351562,57.37843322753906,31.38782119750977,93.4000015258789
2009-09-30,78.79663848876953,24.926666713896253,61.31180191040039,68.01507568359375,58.38768005371094,33.20801544189453,98.8499984741211
2009-10-31,77.28179931640625,24.252272865988992,59.70784759521485,68.79357147216797,58.097412109375,33.027732849121094,102.52999877929688
2009-11-30,82.04286193847656,23.783499908447265,60.43204879760742,70.71930694580078,59.231815338134766,33.58406448364258,115.63999938964844
2009-12-31,83.6099624633789,21.239545475352894,56.597259521484375,69.24188995361328,58.00725936889648,34.8215446472168,107.30999755859376
2010-01-31,80.57134246826172,20.643157758210833,58.12093734741211,70.30152893066406,58.73130798339844,34.18332290649414,105.95999908447266
2010-02-28,83.08476257324219,22.540000012046413,57.92192077636719,69.38533020019531,59.02888107299805,34.82371139526367,109.43000030517578
2010-03-31,88.14289855957031,17.767391287762187,56.73025894165039,69.3813705444336,59.4136848449707,35.56667709350586,108.9499969482422
2010-04-30,89.5064926147461,17.42428566160656,58.61476135253906,71.1263198852539,60.54721832275391,36.25113677978516,115.36000061035156
2010-05-31,82.39480590820312,31.929500007629393,61.60904312133789,71.26266479492188,59.75504302978516,34.556182861328125,118.87999725341795
2010-06-30,78.13159942626953,29.91636371612549,65.18099975585938,72.17469787597656,61.714134216308594,34.94017028808594,121.68000030517578
2010-07-31,83.46805572509766,25.565237862723215,64.56415557861328,71.9993896484375,63.0167121887207,36.74073791503906,115.48999786376952
2010-08-31,79.71363067626953,24.745908997275613,69.98165130615234,73.39763641357422,64.81614685058594,36.377174377441406,122.08000183105467
2010-09-30,86.85236358642578,22.51761899675642,68.21785736083984,73.97417449951172,65.11207580566406,37.707794189453125,127.91000366210938
2010-10-31,90.17028045654295,20.3733332497733,65.16902160644531,75.80443572998047,64.9410171508789,38.40056228637695,132.6199951171875
2010-11-30,90.17028045654295,20.095714387439546,64.068115234375,74.5213394165039,63.89200973510742,37.91108322143555,135.4199981689453
2010-12-31,96.19837951660156,17.569545529105447,61.69821548461914,73.48723602294922,63.41146469116211,38.96991729736328,138.72000122070312
2011-01-31,98.43982696533205,17.31549987792969,59.797210693359375,73.50094604492188,63.43484115600586,39.61299133300781,129.8699951171875
2011-02-28,101.85936737060548,17.4299999036287,60.78392028808594,74.03073120117188,64.12004089355469,40.181617736816406,137.66000366210938
2011-03-31,101.87158203125,20.72347815140434,60.8017692565918,74.9118881225586,63.77340316772461,40.19865798950195,139.86000061035156
2011-04-30,104.82198333740234,16.244000005722047,62.22391128540039,76.69334411621094,65.37055969238281,40.84084701538086,152.3699951171875
2011-05-31,103.64646911621094,16.911428587777273,64.35380554199219,76.89724731445312,66.20047760009766,40.89530944824219,149.63999938964844
2011-06-30,101.89794158935548,19.15318202972412,62.8587646484375,77.4777603149414,65.67269134521484,40.66191482543945,146.0
2011-07-31,99.85951232910156,19.22749991416931,65.6337661743164,80.4990463256836,67.26866149902344,40.8062629699707,158.2899932861328
2011-08-31,94.36966705322266,35.02913035517154,71.9789047241211,81.01709747314453,67.49758911132812,39.692989349365234,177.72000122070312
2011-09-30,87.81843566894531,36.52999977838425,81.4845199584961,81.01004028320312,67.73460388183594,37.58870315551758,158.05999755859375
2011-10-31,97.40360260009766,32.82904770260765,78.36427307128906,82.68729400634766,69.43446350097656,40.78062057495117,167.33999633789062
2011-11-30,97.00778198242188,31.941904703776043,79.92301940917969,83.12164306640625,67.24266052246094,39.79090881347656,170.1300048828125
2011-12-31,98.02134704589844,25.047619047619047,82.67626953125,83.25794982910156,69.58821868896484,41.6021728515625,151.99000549316406
2012-01-31,102.5670394897461,20.227999877929687,82.4035415649414,85.16297149658203,71.08077239990234,42.21160507202149,169.30999755859375
2012-02-29,107.01898956298828,18.420499992370605,80.26345825195312,84.67069244384766,72.24144744873047,43.09903717041016,164.2899932861328
2012-03-31,110.46110534667967,16.16727287119085,76.86357116699219,83.9428939819336,71.2147445678711,42.688255310058594,162.1199951171875
2012-04-30,109.72370910644533,17.822999906539916,80.57928466796875,85.44109344482422,71.98544311523438,43.173484802246094,161.8800048828125
2012-05-31,103.13417053222656,21.001818136735395,87.85189819335938,87.10401153564453,72.53047180175781,41.78292465209961,151.6199951171875
2012-06-30,107.31948852539062,21.130952290126256,86.37755584716797,86.5214614868164,73.16259002685547,43.72864532470703,155.19000244140625
2012-07-31,108.58904266357422,17.565238180614653,89.67486572265625,88.03954315185547,75.71089172363281,44.17570495605469,156.49000549316406
2012-08-31,111.3094711303711,15.689565119536027,88.49209594726562,87.822021484375,75.6701431274414,44.725528717041016,164.22000122070312
2012-09-30,114.13125610351562,15.284736834074321,86.25074768066406,88.27149963378906,76.50260162353516,44.95835494995117,171.88999938964844
2012-10-31,112.05429077148438,16.276190576099214,85.83329772949219,88.82246398925781,77.53242492675781,45.33783721923828,166.8300018310547
2012-11-30,112.6884765625,16.70190484183175,86.82831573486328,89.31806945800781,76.97147369384766,45.56308364868164,166.0500030517578
2012-12-31,113.6952667236328,17.306999826431273,84.66826629638672,88.58409118652344,76.7170639038086,46.20155334472656,162.02000427246094
2013-01-31,119.51535034179688,13.505238124302455,81.97128295898438,88.12442016601562,75.72158813476562,46.35995864868164,161.1999969482422
2013-02-28,121.04022216796876,14.07263163516396,82.9866943359375,88.292236328125,76.53631591796875,46.79235076904297,153.0
2013-03-31,125.63632202148438,13.031500005722046,82.63863372802734,88.48196411132812,76.50061798095703,47.200565338134766,154.4499969482422
2013-04-30,128.05003356933594,13.967272715135055,86.51016235351562,89.18286895751953,78.1633529663086,48.200286865234375,142.77000427246094
2013-05-31,131.0732879638672,13.493636304681951,80.66123962402344,85.44322204589844,75.64838409423828,46.95613861083984,133.9199981689453
2013-06-30,129.3241729736328,17.271499919891358,78.02256774902344,82.19462585449219,73.17656707763672,46.1632194519043,119.11000061035156
2013-07-31,136.00723266601562,13.97454565221613,76.26083374023438,82.93599700927734,73.98591613769531,47.48070526123047,127.95999908447266
2013-08-31,131.9280548095703,14.209999908100475,75.23863983154297,81.42140197753906,73.24723052978516,46.8767204284668,134.6199951171875
2013-09-30,136.1031036376953,14.692000102996825,75.7290267944336,82.85133361816406,73.79069519042969,47.24296951293945,128.17999267578125
2013-10-31,142.40560913085938,15.407826050468113,76.81228637695312,83.13622283935547,75.12491607666016,48.43268585205078,127.73999786376952
2013-11-30,146.6261444091797,12.923999977111816,74.73585510253906,82.25775146484375,75.02029418945312,48.66183090209961,120.6999969482422
2013-12-31,150.427734375,14.192380905151367,73.33855438232422,81.0628433227539,75.18145751953125,48.85976028442383,116.12000274658205
2014-01-31,145.12539672851562,14.240952400934129,77.96090698242188,82.76668548583984,76.59698486328125,49.05441284179688,120.08999633789062
2014-02-28,151.73089599609375,15.470000116448654,78.36945343017578,83.12808990478516,77.47396850585938,50.18682098388672,127.62000274658205
2014-03-31,152.98959350585938,14.836666742960611,78.94326782226562,82.68553924560547,77.45143127441406,50.14591598510742,123.61000061035156
2014-04-30,154.05300903320312,14.198095321655273,80.5972900390625,83.77721405029297,78.48102569580078,50.35675048828125,124.22000122070312
2014-05-31,157.6280517578125,12.475238028026762,82.9745101928711,85.45390319824219,79.66949462890625,50.96424102783203,120.43000030517578
2014-06-30,160.88226318359375,11.541428565979004,82.7660140991211,85.76990509033203,79.67488098144531,51.27609252929688,128.0399932861328
2014-07-31,158.7204132080078,12.296363613822244,83.31571197509766,85.69086456298828,79.42029571533203,50.02916717529297,123.38999938964844
2014-08-31,164.98402404785156,13.497142927987236,87.25138854980469,86.21149444580078,81.0119400024414,51.2199821472168,123.86000061035156
2014-09-30,162.70794677734375,13.466666630336217,85.40828704833984,83.97408294677734,79.64961242675781,50.20441818237305,116.20999908447266
2014-10-31,166.53982543945312,18.01608711740245,87.81560516357422,84.73081970214844,80.6326904296875,50.736854553222656,112.66000366210938
2014-11-30,171.1150665283203,13.41315786462081,90.42145538330078,84.86576080322266,81.36781311035156,50.18833923339844,112.11000061035156
2014-12-31,170.6809844970703,16.3118182962591,93.3613739013672,83.97357940673828,81.35382080078125,49.7852897644043,113.58000183105467
2015-01-31,165.62384033203125,19.119499969482423,102.52550506591795,86.68751525878906,84.4060287475586,50.13534927368164,123.4499969482422
2015-02-28,174.9326171875,15.904210492184287,96.2320785522461,85.57042694091797,83.2071304321289,51.25392150878906,116.16000366210938
2015-03-31,172.18515014648438,14.812727277929133,97.28314971923828,85.15811920166016,83.36942291259766,50.76814270019531,113.66000366210938
2015-04-30,173.87841796875,13.494761875697545,93.95108032226562,85.73538208007812,82.37972259521484,51.21051025390625,113.47000122070312
2015-05-31,176.11387634277344,13.3385000705719,91.72213745117188,84.87322998046875,81.456787109375,51.392539978027344,114.0999984741211
2015-06-30,172.53660583496094,14.33954551003196,87.98716735839844,84.00357818603516,79.92285919189453,50.422698974609375,112.37000274658205
2015-07-31,176.43408203125,14.35272723978216,91.98704528808594,84.45339965820312,80.58777618408203,50.174583435058594,104.93000030517578
2015-08-31,165.680419921875,19.42809536343529,91.35284423828124,83.65122985839844,79.92098236083984,49.410301208496094,108.81999969482422
2015-09-30,161.45291137695312,24.3771428607759,93.14964294433594,83.21371459960938,80.87188720703125,47.9329833984375,106.86000061035156
2015-10-31,175.18606567382812,16.789545449343596,92.76879119873048,83.4634017944336,81.33577728271484,49.48158645629883,109.3000030517578
2015-11-30,175.8263702392578,16.209999990463256,91.9639129638672,83.34305572509766,81.21035766601562,48.24651718139648,101.91999816894533
2015-12-31,172.7876739501953,18.02545473792336,91.69060516357422,82.50059509277344,80.33243560791016,47.28532028198242,101.45999908447266
2016-01-31,164.18516540527344,23.717894805105107,96.8005599975586,83.79435729980469,80.4310531616211,46.52831268310547,106.9499969482422
2016-02-29,164.0495147705078,22.516999816894533,99.78778076171876,84.8173828125,81.27699279785156,47.22478485107422,118.63999938964844
2016-03-31,175.08445739746094,15.849090966311367,99.69465637207033,86.23148345947266,84.21479034423828,48.42760848999024,117.63999938964844
2016-04-30,175.77455139160156,14.300476255871,98.96041107177734,86.4119873046875,85.52400970458984,49.93979644775391,123.6500015258789
2016-05-31,178.7646942138672,14.852857044764928,99.75745391845705,85.85541534423828,85.08572387695312,50.02476501464844,116.05999755859376
2016-06-30,179.38612365722656,17.774545496160332,106.67477416992188,87.7861328125,87.7185287475586,50.9217529296875,126.47000122070312
2016-07-31,185.92849731445312,13.158500051498413,108.91765594482422,88.34690856933594,88.85150146484375,51.59039688110352,128.97999572753906
2016-08-31,186.15118408203125,12.399565240611201,107.81382751464844,88.04417419433594,89.01171875,52.60552215576172,124.77999877929688
2016-09-30,186.1619415283203,14.219523793175107,106.18753051757812,88.70510864257812,88.73076629638672,53.1728401184082,125.63999938964844
2016-10-31,182.9344787597656,14.58523804800851,101.53585052490234,88.22540283203125,87.37443542480469,52.650123596191406,121.94000244140624
2016-11-30,189.67352294921875,15.236190387180873,93.19596862792967,86.3978271484375,84.60686492919922,52.65997314453125,111.75
2016-12-31,193.5185394287109,12.472380956013998,92.76482391357422,86.36268615722656,85.31682586669922,53.62831497192383,109.61000061035156
2017-01-31,196.98150634765625,11.608500003814697,93.52019500732422,87.13348388671875,85.44062805175781,54.1178092956543,115.5500030517578
2017-02-28,204.72116088867188,11.530526361967388,95.0020980834961,87.49214172363281,86.56927490234375,54.94675064086914,119.2300033569336
2017-03-31,204.97711181640625,11.897826111834982,94.37973022460938,87.49214172363281,86.31382751464844,54.86800384521485,118.72000122070312
2017-04-30,207.01173400878903,13.136315847698011,95.86448669433594,87.88570404052734,87.3399429321289,55.31560516357422,120.7699966430664
2017-05-31,209.9332733154297,10.862272782759232,97.67433166503906,87.8504409790039,88.50435638427734,55.8861083984375,120.62000274658205
2017-06-30,211.27154541015625,10.513636328957297,98.44776916503906,87.08881378173828,88.92932891845703,55.960182189941406,118.0199966430664
2017-07-31,215.6141357421875,10.264499998092651,97.79963684082033,87.49064636230469,89.61004638671875,56.53053283691406,120.75
2017-08-31,216.24319458007807,11.97565215566884,101.1333465576172,88.39839172363281,90.21690368652344,56.56753540039063,125.81999969482422
2017-09-30,220.6003875732422,10.437999963760376,98.78414916992188,87.77779388427734,90.17227172851562,56.9073371887207,121.58000183105467
2017-10-31,225.798583984375,10.125454512509434,98.74605560302734,87.9850082397461,90.3460464477539,56.95563125610352,120.66999816894533
2017-11-30,232.70030212402344,10.540476163228353,99.47987365722656,88.0609359741211,90.2346420288086,56.74617004394531,121.0999984741211
2017-12-31,235.52247619628903,10.264500045776368,101.2830810546875,88.88467407226562,91.33589935302734,56.885623931884766,123.6500015258789
2018-01-31,248.79641723632807,11.062381017775763,97.98573303222656,88.12893676757812,90.21634674072266,56.911712646484375,127.6500015258789
2018-02-28,239.74996948242188,22.464736637316253,95.0055923461914,87.21792602539062,88.19807434082031,56.41809844970703,125.0
2018-03-31,233.17840576171875,19.023809750874836,97.72239685058594,88.0985336303711,88.68914031982422,56.28726577758789,125.79000091552734
2018-04-30,234.3833923339844,18.26761904216948,95.68179321289062,87.98292541503906,87.30030822753906,56.55720138549805,124.58999633789062
2018-05-31,240.08108520507807,14.124545487490566,97.59967041015624,88.27249145507812,87.7554702758789,56.5856819152832,123.0999984741211
2018-06-30,241.46176147460935,13.678095318022228,98.22994995117188,88.84394073486328,87.32786560058594,56.64165496826172,118.6500015258789
2018-07-31,250.4071502685547,13.147619065784273,96.81855010986328,88.37065124511719,88.5014419555664,57.59189987182617,115.98999786376952
2018-08-31,258.3999938964844,12.546956518422002,98.0888214111328,88.94036102294922,88.51905059814453,57.99959182739258,113.51000213623048
2018-09-30,259.9363098144531,12.910526325828151,95.2792739868164,88.07726287841797,88.39447021484375,58.30377960205078,112.76000213623048
2018-10-31,241.97373962402344,19.352173639380414,92.48709869384766,86.73919677734375,86.5830307006836,57.15127944946289,115.1500015258789
2018-11-30,246.4621124267578,19.389047622680664,94.1400146484375,87.15473937988281,86.27264404296875,56.92316055297852,115.54000091552734
2018-12-31,224.7615203857422,24.953157726087067,99.65049743652344,87.61779022216797,87.87683868408203,55.73416519165039,121.25
2019-01-31,242.7572326660156,19.57238079252697,100.0277328491211,88.86598205566406,90.83670043945312,58.48992156982422,124.75
2019-02-28,250.62635803222656,15.234736844112998,98.65096282958984,88.71395111083984,90.65152740478516,59.200313568115234,123.98999786376952
2019-03-31,255.16275024414065,14.485238075256348,104.14745330810548,90.46614074707033,93.30669403076172,59.96457290649414,122.01000213623048
2019-04-30,265.5868530273437,12.949047588166737,102.07378387451172,90.66615295410156,93.71389770507812,60.55592727661133,121.1999969482422
2019-05-31,248.6501007080078,16.721818056973543,109.05487823486328,92.25482940673828,95.26070404052734,59.38499069213867,123.33000183105467
2019-06-30,265.9527587890625,15.835999870300293,110.0910415649414,92.94615936279295,98.35357666015624,61.25826644897461,133.1999969482422
2019-07-31,269.9737854003906,13.30590907010165,110.37340545654295,93.23905181884766,98.60340881347656,61.35427474975586,133.2100067138672
2019-08-31,265.4534912109375,18.979090907356955,122.56871795654295,95.41249084472656,102.43516540527344,61.77743911743164,143.75
2019-09-30,270.6186828613281,15.558999872207641,119.28398895263672,94.35689544677734,101.66079711914062,62.0485954284668,138.8699951171875
2019-10-31,276.6006164550781,15.466521760691768,117.9561004638672,94.3292465209961,102.1133804321289,62.04147338867188,142.42999267578125
2019-11-30,286.6130065917969,12.523499965667725,117.47588348388672,94.60565185546876,102.59842681884766,62.39385986328125,137.86000061035156
2019-12-31,294.94073486328125,13.756666637602306,113.7195816040039,94.93363189697266,103.13949584960938,63.586368560791016,142.89999389648438
2020-01-31,294.82159423828125,13.94095243726458,122.46589660644533,96.9614486694336,105.66233825683594,63.28990173339844,149.3300018310547
2020-02-29,271.4818725585937,19.628947358382376,130.58116149902344,97.85578155517578,106.81552124023438,62.47377014160156,148.3800048828125
2020-03-31,237.5815277099609,57.7368184002963,138.90789794921875,96.13557434082033,100.07349395751952,56.20888519287109,148.0500030517578
2020-04-30,267.75048828125,41.45380964733305,140.60105895996094,99.04717254638672,104.92284393310548,58.95392227172852,158.8000030517578
2020-05-31,280.5075988769531,30.89700002670288,138.123779296875,99.69212341308594,107.50415802001952,60.69100570678711,162.91000366210938
2020-06-30,285.4821472167969,31.11954550309615,138.5887908935547,100.67430877685548,109.79143524169922,60.33689498901367,167.3699951171875
2020-07-31,302.2947998046875,26.840454621748492,144.73538208007812,103.01520538330078,113.19506072998048,63.39022445678711,185.42999267578125
2020-08-31,323.3940734863281,22.88952382405599,137.43124389648438,103.9319076538086,111.18209838867188,63.37606430053711,184.8300018310547
2020-09-30,311.2850341796875,27.647619065784273,138.4941864013672,103.5390396118164,110.69319915771484,62.78563690185547,177.1199951171875
2020-10-31,303.5235595703125,29.438636086203836,133.80589294433594,102.83853149414062,110.12828063964844,63.03888320922852,176.1999969482422
2020-11-30,336.5399169921875,24.995500087738037,136.03219604492188,104.08007049560548,114.28176879882812,65.1514892578125,166.6699981689453
2020-12-31,349.00811767578125,22.374090974981133,134.3622589111328,105.22244262695312,114.45393371582033,66.4271011352539,178.36000061035156
2021-01-31,345.4515686035156,24.90999984741211,129.48117065429688,105.50271606445312,112.35762786865234,66.17604064941406,172.61000061035156
2021-02-28,355.0570678710937,23.140526219418174,122.0580825805664,103.72220611572266,109.81461334228516,66.01410675048828,161.80999755859375
2021-03-31,371.1763916015625,21.843043534652047,115.65583801269533,103.45018768310548,108.19154357910156,66.8165283203125,159.9600067138672
2021-04-30,390.81549072265625,17.416190556117467,118.5415496826172,104.92921447753906,109.32013702392578,67.24258422851562,165.66000366210938
2021-05-31,393.3816223144531,19.7604998588562,118.54407501220705,106.00360870361328,110.00081634521484,67.268798828125,178.3800048828125
2021-06-30,402.20416259765625,16.956818147139117,123.7826919555664,106.7718276977539,112.43342590332033,68.15992736816406,165.6300048828125
2021-07-31,412.0230102539063,17.60333351861863,128.38328552246094,109.62879180908205,114.02883911132812,68.23137664794922,169.82000732421875
2021-08-31,424.2846374511719,17.47772723978216,127.946533203125,109.44891357421876,113.63664245605467,68.64674377441406,169.69000244140625
2021-09-30,404.51068115234375,19.8247617994036,124.22710418701172,108.5950698852539,111.92364501953124,68.39269256591797,164.22000122070312
2021-10-31,432.8926086425781,17.869047573634557,127.28933715820312,109.79998016357422,112.51795959472656,68.18013000488281,166.64999389648438
2021-11-30,429.4144287109375,18.500476246788388,130.817138671875,110.74983978271484,112.38452911376952,67.38309478759766,165.5
2021-12-31,449.2738952636719,21.354545506564055,128.18270874023438,111.1960678100586,112.34613037109376,68.92220306396484,170.9600067138672
2022-01-31,425.5785827636719,23.18100004196167,123.16582489013672,108.90674591064452,108.3107452392578,67.0924072265625,168.08999633789062
2022-02-28,413.016845703125,25.74842111687911,121.1545181274414,109.83861541748048,106.00216674804688,66.51602172851562,178.3800048828125
2022-03-31,428.542236328125,26.968695682028066,114.55835723876952,107.77854919433594,102.93475341796876,65.65989685058594,180.6499938964844
2022-04-30,390.9294738769531,24.37350015640259,103.76256561279295,105.42572021484376,96.0388641357422,62.91510772705078,176.91000366210938
2022-05-31,391.81195068359375,29.445714587257022,101.42446899414062,104.37963104248048,97.82889556884766,63.94057083129883,171.13999938964844
2022-06-30,359.5029296875,28.100000018165225,100.13175964355467,101.12767028808594,94.28473663330078,59.432838439941406,168.4600067138672
2022-07-31,392.6086730957031,24.86850004196167,102.56597137451172,105.48614501953124,98.47520446777344,63.41419219970703,164.10000610351562
2022-08-31,376.5894775390625,22.169565366662066,97.8960189819336,102.63355255126952,94.11357879638672,60.68174362182617,159.27000427246094
2022-09-30,341.775390625,27.406190418061755,89.83419036865234,95.72390747070312,88.48574829101562,58.41203308105469,154.6699981689453
2022-10-31,369.55322265625,30.005714416503906,84.47610473632812,97.08355712890624,87.82627868652344,60.37803649902344,151.91000366210938
2022-11-30,390.0972900390625,23.436190650576638,90.51702880859376,98.86297607421876,93.66465759277344,62.44980239868164,164.80999755859375
2022-12-31,367.6167297363281,21.784285681588308,88.14546203613281,97.56062316894533,92.21182250976562,61.35258865356445,169.63999938964844
2023-01-31,390.735107421875,20.202999973297118,94.88298797607422,99.58625030517578,96.96980285644533,63.60237884521485,179.41000366210938
2023-02-28,380.9110107421875,20.06210537960655,90.28064727783205,98.23888397216795,92.92705535888672,62.40338516235352,169.77999877929688
2023-03-31,395.0343627929688,21.644347895746645,94.6496124267578,101.05277252197266,96.50334167480467,63.64165878295898,183.22000122070312
2023-04-30,401.344970703125,17.8178946344476,94.96988677978516,101.10508728027344,97.0862045288086,63.77031707763672,184.8000030517578
2023-05-31,403.19769287109375,17.64409099925648,92.1062469482422,99.89582061767578,95.36883544921876,62.985008239746094,182.32000732421875
2023-06-30,429.3248291015625,13.994285628909157,92.30621337890624,99.55631256103516,96.14142608642578,64.10623931884766,178.27000427246094
2023-07-31,443.3780517578125,13.943999910354615,89.95770263671875,99.59717559814452,96.19316864013672,64.82142639160156,182.3500061035156
2023-08-31,436.1722717285156,15.853912975477135,87.13117218017578,98.7878646850586,95.01087188720705,64.94048309326172,180.02000427246094
2023-09-30,415.4826354980469,15.241000032424926,80.20323944091797,96.8942642211914,91.631103515625,63.89264297485352,171.4499969482422
2023-10-31,406.463134765625,18.887727303938433,75.82160186767578,96.1933822631836,89.42102813720703,63.22613906860352,184.08999633789065
2023-11-30,443.5910034179688,14.077142897106352,83.34603881835938,98.864501953125,96.19416046142578,66.31639862060547,188.75
2023-12-31,463.8433227539063,12.718499994277954,90.58526611328124,101.27266693115234,100.88389587402344,68.43360900878906,191.1699981689453
2024-01-31,471.2306823730469,13.395238149733771,88.551513671875,101.6118392944336,100.43719482421876,68.51318359375,188.4499969482422
2024-02-29,495.8227233886719,13.944000101089477,86.55713653564453,100.54717254638672,98.49674224853516,68.72113037109375,189.30999755859372
2024-03-31,512.0371704101562,13.787499904632568,87.23477935791016,101.1972885131836,100.01457977294922,69.47008514404297,205.72000122070312
2024-04-30,491.3918762207031,16.137727087194268,81.60340118408203,99.4862289428711,96.77104949951172,68.53136444091797,211.8699951171875
2024-05-31,516.246337890625,13.090454535050826,83.9592514038086,101.25414276123048,98.91329193115234,69.65111541748047,215.3000030517578
2024-06-30,534.4596557617188,12.676842037000155,85.48490905761719,102.02521514892578,99.5031280517578,69.98497009277344,215.00999450683597
2024-07-31,540.9314575195312,14.470000050284646,88.58795928955078,103.7876205444336,102.12810516357422,71.63121032714844,226.5500030517578
2024-08-31,553.5706176757812,19.31227272207087,90.458251953125,104.61690521240234,104.03843688964844,72.7396240234375,231.2899932861328
2024-09-30,565.1981201171875,17.768999814987183,92.26690673828124,106.18365478515624,106.0806121826172,73.9740982055664,243.05999755859372
2024-10-31,560.1546020507812,19.96086958180303,87.23387145996094,104.22257232666016,102.70789337158205,73.26127624511719,253.50999450683597
2024-11-30,593.5585327148438,16.121000051498413,88.9673843383789,104.74166107177734,104.54728698730467,74.46611022949219,245.58999633789065
2024-12-31,579.2774047851562,15.866190592447916,83.29035186767578,102.94598388671876,101.74981689453124,73.88504791259766,242.1300048828125
2025-01-31,594.8347778320312,16.74600019454956,83.70046997070312,104.35659790039062,102.34029388427734,74.8902359008789,258.5599975585937
2025-02-28,587.283447265625,17.052105351498252,88.4689712524414,106.60774993896484,104.76710510253906,75.61685180664062,263.2699890136719
2025-03-31,554.5604858398438,21.841428756713867,87.40318298339844,107.3323974609375,104.28257751464844,74.79578399658203,288.1400146484375
2025-04-30,549.7523803710938,31.966190701439267,86.214111328125,107.4675521850586,104.00038146972656,74.88343811035156,303.7699890136719
2025-05-31,584.3014526367188,20.457142784481956,83.44610595703125,106.7884750366211,104.21504974365234,76.19632720947266,303.6000061035156
2025-06-30,614.3265380859375,18.21500015258789,85.66914367675781,107.7905502319336,106.38526916503906,77.59720611572266,304.8299865722656
2025-07-31,628.4754028320312,16.331363461234353,84.69280242919922,107.80037689208984,106.28980255126952,77.70257568359375,302.9599914550781
2025-08-31,641.3713989257812,15.749999954586936,84.70356750488281,109.53849792480467,107.39901733398438,78.56145477294922,318.07000732421875
2025-09-30,664.21728515625,15.773333458673386,87.74524688720703,110.00038146972656,109.4151382446289,79.25748443603516,355.4700012207031
2025-10-31,680.050537109375,18.086521770643152,88.95709228515625,110.35508728027344,109.57867431640624,79.24864959716797,368.1199951171875
2025-11-30,681.3765869140625,19.904210642764443,89.19934844970703,110.59465026855467,110.59903717041016,79.84013366699219,387.8800048828125
2025-12-31,681.9199829101562,15.548181880604137,86.82788848876953,109.91000366210938,109.78340911865234,80.23340606689453,396.30999755859375
2026-01-31,691.969970703125,16.04599995613098,86.7979965209961,110.4800033569336,110.16200256347656,80.72100067138672,444.9500122070313
2026-02-28,693.9500122070312,18.74666690826416,87.5199966430664,110.76000213623048,110.55999755859376,80.91999816894531,467.0299987792969
